
INSERT INTO "public"."Area" ("id", "estado", "nombre") VALUES
(1, 't', 'Civil'),
(2, 't', 'Comercial'),
(3, 't', 'Familia'),
(4, 't', 'Penal');

INSERT INTO "public"."auth_group" ("id", "name") VALUES
(1, 'Administrador'),
(2, 'Docente'),
(3, 'Estudiante');

INSERT INTO "public"."auth_group_permissions" ("id", "group_id", "permission_id") VALUES
(1, 3, 333),
(2, 3, 8),
(3, 3, 12),
(4, 3, 16),
(5, 3, 20),
(6, 3, 25),
(7, 3, 26),
(8, 3, 28),
(9, 3, 32),
(10, 3, 36),
(11, 3, 40),
(12, 3, 44),
(16, 1, 16),
(17, 3, 56),
(18, 3, 60),
(19, 3, 61),
(20, 3, 64),
(21, 3, 68),
(22, 3, 72),
(26, 3, 77),
(27, 3, 78),
(28, 3, 80),
(29, 3, 81),
(30, 3, 84),
(34, 3, 92),
(35, 3, 93),
(36, 3, 96),
(37, 3, 104),
(38, 3, 108),
(39, 3, 112),
(40, 3, 116),
(41, 3, 120),
(42, 3, 124),
(43, 3, 126),
(44, 3, 128),
(45, 3, 129),
(46, 3, 132),
(47, 3, 136),
(48, 3, 144),
(49, 3, 156),
(50, 3, 160),
(51, 3, 168),
(52, 3, 172),
(53, 3, 176),
(54, 3, 180),
(55, 3, 184),
(56, 3, 188),
(57, 3, 189),
(58, 3, 190),
(59, 3, 192),
(60, 3, 196),
(61, 3, 200),
(62, 3, 204),
(63, 3, 208),
(64, 3, 212),
(65, 3, 216),
(66, 3, 220),
(67, 3, 224),
(68, 3, 228),
(69, 3, 229),
(70, 3, 232),
(71, 3, 233),
(72, 3, 236),
(73, 3, 240),
(74, 3, 244),
(75, 3, 248),
(76, 3, 252),
(77, 3, 253),
(78, 3, 254),
(79, 3, 255),
(80, 3, 256),
(81, 3, 260),
(82, 3, 261),
(83, 3, 262),
(84, 3, 264),
(85, 3, 268),
(86, 3, 272),
(87, 3, 273),
(88, 3, 274),
(89, 3, 276),
(91, 3, 278),
(92, 3, 280),
(93, 3, 284),
(94, 3, 288),
(95, 3, 292),
(96, 3, 293),
(97, 3, 294),
(98, 3, 296),
(99, 3, 300),
(100, 3, 304),
(101, 3, 308),
(102, 3, 312),
(103, 3, 313),
(104, 3, 314),
(105, 3, 316),
(106, 3, 317),
(107, 3, 320),
(108, 3, 324),
(109, 3, 328),
(110, 3, 329),
(111, 3, 330),
(112, 3, 332),
(113, 3, 334),
(114, 3, 336),
(115, 3, 340),
(116, 3, 344),
(117, 3, 348),
(118, 2, 128),
(119, 2, 256),
(120, 2, 4),
(121, 2, 260),
(122, 2, 132),
(123, 2, 136),
(124, 2, 264),
(125, 2, 8),
(126, 2, 268),
(127, 2, 12),
(128, 2, 272),
(129, 2, 276),
(130, 2, 20),
(131, 2, 280),
(132, 2, 24),
(133, 2, 156),
(134, 2, 284),
(135, 2, 28),
(136, 2, 160),
(137, 2, 288),
(138, 2, 32),
(139, 2, 292),
(140, 2, 164),
(141, 2, 36),
(142, 2, 168),
(143, 2, 296),
(144, 2, 40),
(145, 2, 300),
(146, 2, 172),
(147, 2, 44),
(148, 2, 176),
(149, 2, 304),
(150, 2, 48),
(151, 2, 308),
(152, 2, 180),
(153, 2, 52),
(154, 2, 184),
(155, 2, 312),
(156, 2, 56),
(157, 2, 316),
(158, 2, 188),
(159, 2, 60),
(160, 2, 192),
(161, 2, 320),
(162, 2, 64),
(163, 2, 324),
(164, 2, 196),
(165, 2, 68),
(166, 2, 200),
(167, 2, 328),
(168, 2, 72),
(169, 2, 332),
(170, 2, 204),
(171, 2, 336),
(172, 2, 208),
(173, 2, 80),
(174, 2, 340),
(175, 2, 84),
(176, 2, 344),
(177, 2, 216),
(178, 2, 88),
(179, 2, 348),
(180, 2, 220),
(181, 2, 92),
(182, 2, 224),
(183, 2, 96),
(184, 2, 228),
(185, 2, 100),
(186, 2, 104),
(187, 2, 232),
(188, 2, 236),
(189, 2, 244),
(190, 2, 248),
(191, 2, 252),
(192, 2, 129),
(193, 2, 261),
(194, 2, 262),
(195, 2, 273),
(196, 2, 274),
(197, 2, 277),
(198, 2, 278),
(199, 2, 25),
(200, 2, 26),
(201, 2, 293),
(202, 2, 294),
(203, 2, 313),
(204, 2, 314),
(205, 2, 189),
(206, 2, 190),
(207, 2, 193),
(208, 2, 329),
(209, 2, 330),
(210, 2, 331),
(211, 2, 333),
(212, 2, 334),
(213, 2, 81),
(214, 2, 85),
(215, 2, 86),
(216, 2, 93),
(217, 2, 229),
(218, 2, 233),
(219, 2, 237),
(220, 2, 253),
(221, 2, 254),
(222, 2, 255),
(223, 2, 76),
(224, 3, 88),
(225, 3, 48),
(226, 3, 164),
(227, 3, 52),
(228, 3, 258),
(229, 3, 237),
(230, 3, 238),
(231, 2, 258),
(232, 2, 221),
(233, 2, 238),
(234, 1, 1),
(235, 1, 2),
(236, 1, 5),
(237, 1, 9),
(238, 1, 13),
(239, 1, 14),
(240, 1, 21),
(241, 1, 25),
(242, 1, 26),
(243, 1, 29),
(244, 1, 30),
(245, 1, 33),
(246, 1, 34),
(247, 1, 37),
(248, 1, 38),
(249, 1, 41),
(250, 1, 42),
(251, 1, 45),
(252, 1, 46),
(253, 1, 49),
(254, 1, 50),
(255, 1, 53),
(256, 1, 54),
(257, 1, 57),
(258, 1, 58),
(259, 1, 61),
(260, 1, 62),
(261, 1, 65),
(262, 1, 66),
(263, 1, 69),
(264, 1, 70),
(265, 1, 73),
(266, 1, 74),
(267, 1, 77),
(268, 1, 78),
(269, 1, 81),
(270, 1, 82),
(271, 1, 85),
(272, 1, 86),
(273, 1, 89),
(274, 1, 90),
(275, 1, 93),
(276, 1, 94),
(277, 1, 101),
(278, 1, 105),
(279, 1, 109),
(280, 1, 113),
(281, 1, 117),
(282, 1, 121),
(283, 1, 125),
(284, 1, 126),
(285, 1, 133),
(286, 1, 134),
(287, 1, 153),
(288, 1, 154),
(289, 1, 157),
(290, 1, 158),
(291, 1, 161),
(292, 1, 162),
(293, 1, 165),
(294, 1, 166),
(295, 1, 169),
(296, 1, 170),
(297, 1, 173),
(298, 1, 174),
(299, 1, 177),
(300, 1, 178),
(301, 1, 181),
(302, 1, 182),
(303, 1, 185),
(304, 1, 186),
(305, 1, 189),
(306, 1, 190),
(307, 1, 193),
(308, 1, 194),
(309, 1, 197),
(310, 1, 198),
(311, 1, 201),
(312, 1, 202),
(313, 1, 205),
(314, 1, 206),
(315, 1, 209),
(316, 1, 210),
(317, 1, 213),
(318, 1, 214),
(319, 1, 217),
(320, 1, 218),
(321, 1, 221),
(322, 1, 222),
(323, 1, 225),
(324, 1, 226),
(325, 1, 229),
(326, 1, 230),
(327, 1, 233),
(328, 1, 234),
(329, 1, 237),
(330, 1, 238),
(331, 1, 241),
(332, 1, 242),
(333, 1, 245),
(334, 1, 246),
(335, 1, 249),
(336, 1, 250),
(337, 1, 253),
(338, 1, 254),
(339, 1, 257),
(340, 1, 258),
(341, 1, 261),
(342, 1, 262),
(343, 1, 265),
(344, 1, 266),
(345, 1, 269),
(346, 1, 270),
(347, 1, 273),
(348, 1, 274),
(349, 1, 277),
(350, 1, 278),
(351, 1, 281),
(352, 1, 282),
(353, 1, 285),
(354, 1, 286),
(355, 1, 289),
(356, 1, 290),
(357, 1, 293),
(358, 1, 294),
(359, 1, 297),
(360, 1, 298),
(361, 1, 305),
(362, 1, 306),
(363, 1, 309),
(364, 1, 310),
(365, 1, 313),
(366, 1, 314),
(367, 1, 317),
(368, 1, 318),
(369, 1, 321),
(370, 1, 322),
(371, 1, 325),
(372, 1, 326),
(373, 1, 329),
(374, 1, 330),
(375, 1, 333),
(376, 1, 334),
(377, 1, 337),
(378, 1, 338),
(379, 1, 341),
(380, 1, 342),
(381, 1, 345),
(382, 1, 346),
(383, 1, 137),
(384, 1, 145),
(385, 1, 141),
(386, 1, 149),
(552, 2, 212),
(698, 1, 28),
(702, 1, 32),
(706, 1, 36),
(710, 1, 40),
(714, 1, 44),
(718, 1, 48),
(722, 1, 52),
(726, 1, 56),
(730, 1, 60),
(734, 1, 64),
(738, 1, 68),
(742, 1, 72),
(744, 1, 76),
(748, 1, 80),
(752, 1, 84),
(756, 1, 88),
(760, 1, 92),
(769, 1, 4),
(773, 1, 8),
(777, 1, 12),
(781, 1, 20),
(785, 1, 24),
(789, 1, 96),
(797, 1, 104),
(801, 1, 108),
(805, 1, 112),
(809, 1, 116),
(813, 1, 120),
(817, 1, 124),
(821, 1, 128),
(825, 1, 132),
(829, 1, 136),
(833, 1, 140),
(837, 1, 144),
(841, 1, 148),
(845, 1, 152),
(849, 1, 156),
(853, 1, 160),
(857, 1, 164),
(861, 1, 168),
(865, 1, 172),
(869, 1, 176),
(873, 1, 180),
(877, 1, 184),
(881, 1, 188),
(885, 1, 192),
(889, 1, 196),
(893, 1, 200),
(897, 1, 204),
(901, 1, 208),
(904, 1, 212),
(908, 1, 216),
(912, 1, 220),
(916, 1, 224),
(920, 1, 228),
(924, 1, 232),
(928, 1, 236),
(932, 1, 240),
(936, 1, 244),
(940, 1, 248),
(944, 1, 252),
(948, 1, 256),
(952, 1, 260),
(956, 1, 264),
(960, 1, 268),
(963, 1, 272),
(967, 1, 276),
(971, 1, 280),
(975, 1, 284),
(979, 1, 288),
(983, 1, 292),
(987, 1, 296),
(991, 1, 300),
(992, 1, 301),
(993, 1, 302),
(994, 1, 303),
(995, 1, 304),
(999, 1, 308),
(1003, 1, 312),
(1007, 1, 316),
(1011, 1, 320),
(1015, 1, 324),
(1019, 1, 328),
(1023, 1, 332),
(1027, 1, 336),
(1031, 1, 340),
(1035, 1, 344),
(1039, 1, 348),
(1040, 2, 240),
(1042, 2, 16);


INSERT INTO "public"."auth_user" ("id", "password", "last_login", "is_superuser", "username", "first_name", "last_name", "email", "is_staff", "is_active", "date_joined") VALUES
(1, 'pbkdf2_sha256$390000$CPZuXzWe4GdAS7TNI5vHDI$+ElvyWPPUn2TQVYBzao3ZZT1e++NNzrdaf4y1Z/8/SY=', '2023-03-13 15:10:27.728813+00', 't', 'admin', '', '', '', 't', 't', '2023-01-30 14:29:34.287632+00'),
(2, 'pbkdf2_sha256$390000$Nym3aBADqiZyUheif8PPgK$kFeysEXoDQEcLf0d0BrhHCMV42odp0dNM5cJeSX/W5Y=', NULL, 't', '1013689035', '', '', '', 'f', 't', '2023-01-30 15:03:02+00'),
(6, 'pbkdf2_sha256$390000$zvUCUsUavZuGB8WVnkYEBF$CQIjexdFooCS2gUYMuFRT2HWcA/KUIF/wYlQrTNhvJw=', '2023-03-14 20:20:01.637972+00', 'f', '1000465392', '', '', '', 't', 't', '2023-02-01 15:50:53+00'),
(7, 'pbkdf2_sha256$390000$KcmE0ccaZXUHPhaksyoUO3$PcB5NpK/YmrQIVscdq0EUcebiqKKZh1m134Dw9Pap9k=', NULL, 'f', '1010074595', '', '', '', 'f', 't', '2023-02-01 15:51:58.528526+00'),
(8, 'pbkdf2_sha256$390000$xtAXjaHAeKUQBkf8Nl5Xod$HdIUfT81PFBn9oVKPZagzzQBHyFYTi+jl/v5YMB293c=', NULL, 'f', '222222', '', '', '', 'f', 't', '2023-02-01 16:17:07.611153+00'),
(9, 'pbkdf2_sha256$390000$j3233jv7G84jlEse0MRIIY$vNeyU3u0SOqkbwzRr9n8SNUN+xjOf9QV149k7us6xq8=', NULL, 'f', '1033816974', '', '', '', 'f', 't', '2023-02-01 18:46:33.539799+00'),
(10, 'pbkdf2_sha256$390000$ha7St70Oxc5l21X5lNuTgd$6MLFf9NjQwyYhx5SOMe5oRvDST+MaE2DcYDiB6JVSp8=', '2023-02-27 20:16:21.284129+00', 'f', 'CCJIT', '', '', '', 't', 't', '2023-02-06 16:25:27+00'),
(11, 'pbkdf2_sha256$390000$oo7Gge8DGL4hXdBW7buYke$hgvWBQnOd9LerTmp2id8qQoEpbqjlUCZBS3kPlMxpc4=', NULL, 'f', '1033704857', '', '', '', 'f', 't', '2023-02-06 18:31:18.985132+00'),
(12, 'pbkdf2_sha256$390000$2KOF70CZjv8XkajNBGpkmk$RjoBpZZy6uEjzKctMh3gbh7zQuegP0vxvxo1LRE8EKs=', NULL, 'f', '51890671', '', '', '', 'f', 't', '2023-02-08 18:34:53.615411+00'),
(13, 'pbkdf2_sha256$390000$R8A9jtlj9vVHsNf0a329HG$S9u3MfJxU1otK3FSbV+Kc5fh1Bpx5dKN6AzQhMxPbHU=', NULL, 'f', '39708576', '', '', '', 'f', 't', '2023-02-08 18:36:12.183067+00'),
(14, 'pbkdf2_sha256$390000$FJuJ8RD6vtn0oRYLTvswdg$1KlttZBs5NPpDOGpvlGagwD5oaPM+UKznz1ALi20BxI=', NULL, 'f', '70504181', '', '', '', 'f', 't', '2023-02-08 18:38:07.314536+00'),
(15, 'pbkdf2_sha256$390000$Y1ZybefQ0Pf8UqRAZfcqei$OrzUr0ULxm3nx9yj21ymrK8TDnaqYxTBw6J4I5u+3nE=', NULL, 'f', '79916870', '', '', '', 'f', 't', '2023-02-08 18:39:05+00'),
(16, 'pbkdf2_sha256$390000$92hnJELiyy3hLRHHnBrCO9$y5hddzz1QSRUbdfHEZTPV1HDq2uxjaaSwWfyMFStLac=', '2023-02-27 20:32:10.530812+00', 'f', '52699570', '', '', '', 't', 't', '2023-02-08 18:40:28+00'),
(17, 'pbkdf2_sha256$390000$QapuwrNgZjGhwtzlwKibMr$5c/e9JoR7eB93QwavQAXSisb/aaBcjggWrsRt+uWoLg=', NULL, 'f', '1016110978', '', '', '', 'f', 't', '2023-02-08 18:48:54.168003+00'),
(18, 'pbkdf2_sha256$390000$UVMyotrIpZ4yE6iGwm68pD$oR25bjhGRNOpC0nqepgLVz+ZW0fAiHTmBE1MQof5Q7w=', NULL, 'f', '1001094631', '', '', '', 'f', 't', '2023-02-08 18:49:51.985705+00'),
(19, 'pbkdf2_sha256$390000$cDFQysDLdn2GTMDZES0QCf$W5NO4C8yDq9ZRg8lXDo1q59GMBZMDgr6NNZlJpxUNpg=', NULL, 'f', '1003557540', '', '', '', 'f', 't', '2023-02-08 18:51:11.205307+00'),
(20, 'pbkdf2_sha256$390000$u8p6TZe2PkKVU6B7XED6yY$aROe8RgWPqrZWTUYSDLf1wRTRmG7vd1Ouy203f869ds=', NULL, 'f', '1108828209', '', '', '', 'f', 't', '2023-02-08 19:40:26.391688+00'),
(21, 'pbkdf2_sha256$390000$X23O7CysxVwTNFGRgsh9OF$CNCl+P05B6Tr9g3w6vHzelUt0n2GsO+wAdHvnzcup1c=', NULL, 'f', '1013663656', '', '', '', 'f', 't', '2023-02-08 19:41:53.292704+00'),
(22, 'pbkdf2_sha256$390000$VDnPhIpoZtiYhVSHODLGpx$Is7AiZir8YBoMDwJNpvtrRzs2Y/m779iRG9yof8ZfzI=', NULL, 'f', '79671934', '', '', '', 'f', 't', '2023-02-08 19:42:44.869005+00'),
(23, 'pbkdf2_sha256$390000$omdtvVOucaT06tNOdo0Vjb$zrbUAiH06P7BBYSr7bwSJu7Zj5Vnw3KFzGISA+0ghV4=', NULL, 'f', '15046846', '', '', '', 'f', 't', '2023-02-08 19:47:14.564471+00'),
(24, 'pbkdf2_sha256$390000$Z0YAKObbOw0pWMDEkTFZwU$BsBHbQwzjSJB8A6lR04gbCdaMCX2iX8x8+6/YMcKyJs=', NULL, 'f', '79171320', '', '', '', 'f', 't', '2023-02-13 19:40:11.536348+00'),
(25, 'pbkdf2_sha256$390000$FBe838dsfBR5rvGyexWPks$xF2liLTp2mooWE9PS285TemJPQjXLO5FGRiYC72DGto=', NULL, 'f', '1000860105', '', '', '', 'f', 't', '2023-02-13 20:38:59.87535+00'),
(26, 'pbkdf2_sha256$390000$CQ2XFvK2OyA05udC9xGCjV$OUnMbJu6faS46utb/18r8eNmmkM3Q9v5xkNT7k0pGGI=', NULL, 'f', '1000974514', '', '', '', 'f', 't', '2023-02-13 20:39:57.322482+00'),
(27, 'pbkdf2_sha256$390000$cieOlNGvp1wY6ZsamZcpdu$xmXmuxCHpSBnduj34cuD+bdsm5ShoptcSpI3KZjjCH8=', NULL, 'f', '1024564671', '', '', '', 'f', 't', '2023-02-14 14:08:27.466239+00'),
(28, 'pbkdf2_sha256$390000$WBMgUpf01myZO0GWdzDo7Y$9zBlv5LVmgpoREzcJ4UOmasQUH7kqe6+i7Z6GOyw/sA=', NULL, 'f', '1000156834', '', '', '', 'f', 't', '2023-02-14 18:10:21.523214+00'),
(29, 'pbkdf2_sha256$390000$ufx8fpUEzbqR9O2yfjjQxb$WjcKaTN6shFalzCTuurp0jTen4iChx4kO05J40KjFoM=', NULL, 'f', '1000003537', '', '', '', 'f', 't', '2023-02-14 18:11:29.46739+00'),
(30, 'pbkdf2_sha256$390000$ZIVVkcdIaCh0hY0e0cCYsH$WDZ7Hym5ve7qOBL8ycW3wJMcJoHTRAL4z0Qb0z4U5bg=', NULL, 'f', '1000833863', '', '', '', 'f', 't', '2023-02-15 14:52:13.170688+00'),
(31, 'pbkdf2_sha256$390000$UlPyQX3h1O79QLPKXksipt$AHi4iC0tL9vdPRqpdZR6voISDdDosHpI8mx2TPaxtKw=', NULL, 'f', '1000521986', '', '', '', 'f', 't', '2023-02-15 14:53:11.434227+00'),
(32, 'pbkdf2_sha256$390000$bfVlquHacggAtSzRpqGlW8$S9UyEalNPuxbq72cwPcA3T3J2VEXV9cKk+JVmc8I6zs=', NULL, 'f', '1000273687', '', '', '', 'f', 't', '2023-02-15 14:54:14+00'),
(33, 'pbkdf2_sha256$390000$mk3uEXdATeGhB4xJRAg8OW$lKPfa0pQqOsZNj9IpYdiE7UILnOi0FzQEApCZ8I3T1E=', NULL, 'f', '1000613195', '', '', '', 'f', 't', '2023-02-15 17:16:42.350178+00'),
(34, 'pbkdf2_sha256$390000$5JPjwijKbP3aLfsos237G3$t78sHGaA/8I9I/MQI2r6Rie3ZeUVQVyE6SIth38oSYI=', NULL, 'f', '1000469901', '', '', '', 'f', 't', '2023-02-15 17:42:11.429587+00'),
(35, 'pbkdf2_sha256$390000$8C2ATndm0FxL9f4bCORzKm$M+AmWnsX6xC7y/UtTn5HfqoPAtN7uj+RUXAnopxEo0U=', NULL, 'f', '1000930974', '', '', '', 'f', 't', '2023-02-16 13:56:39.963834+00'),
(36, 'pbkdf2_sha256$390000$GDKDF3mqyN5FUZE9gS3l1P$KfujGrgAspYXj61czE63pMRojW+FqdIMeRtHz847FQ0=', NULL, 'f', '1000832901', '', '', '', 'f', 't', '2023-02-20 14:07:24.893457+00'),
(37, 'pbkdf2_sha256$390000$6Ht1SSpape1zNEMwB6D3YL$aMsVF7/ZB5u1MmPuG1uhpyZKiOuAblD5TPYvatvCDaw=', NULL, 'f', '1000580151', '', '', '', 'f', 't', '2023-02-20 19:37:31.647296+00'),
(38, 'pbkdf2_sha256$390000$UoOYOkXvnlNSFMmPBKhV2k$tecezWgo/wWPLPk7+jTOQTv9OX0ZNH4ORVJo3Qp6s/s=', NULL, 'f', '1001093817', '', '', '', 'f', 't', '2023-02-20 19:51:46.856104+00'),
(39, 'pbkdf2_sha256$390000$kumtOpZaMz0eeWHlfvgxaN$+GGwwuTShZ4whsVaE0XusgvPEkwNV1ShVsGAk434OmM=', NULL, 'f', '1000791585', '', '', '', 'f', 't', '2023-02-20 19:55:23.877446+00'),
(40, 'pbkdf2_sha256$390000$9akyDdwbyPUZE7yUzX54Xj$vKee/QLh1Mvv+8HSh9l1+8XhjAaI6GodF7HvW1FZIeM=', NULL, 'f', '1000381217', '', '', '', 'f', 't', '2023-02-20 20:11:50.31189+00'),
(41, 'pbkdf2_sha256$390000$hqMEW2eSUKKcn38AZXywwm$3hbdXCM/o9UHNnYhqB9Dsedtcl4BtUfsWVACksbGfiI=', NULL, 'f', '1152466006', '', '', '', 'f', 't', '2023-02-20 20:41:57.2092+00'),
(42, 'pbkdf2_sha256$390000$sjPqZBMZm8ynqAq9ufONIt$HjOtkBNSay7tPEMM52raBCDVd+F9NSMuEWSQkXzTyd0=', NULL, 'f', '1001638395', '', '', '', 'f', 't', '2023-02-20 20:49:34.762272+00'),
(43, 'pbkdf2_sha256$390000$oBbLvEliIn1lr8A1ZkxxAq$wd7aWn74xXxQ38Z4yVYX2bUGBTzQ6c/Nf6dmY6t+hCs=', NULL, 'f', '1006691794', '', '', '', 'f', 't', '2023-02-21 15:13:40.170561+00'),
(44, 'pbkdf2_sha256$390000$kPQuh277aBHGe6yhe7gK4E$TEc8sAqLXjDief/6C13Sb3OPA+YX9FsYhQtTzoqwkQc=', NULL, 'f', '1022429490', '', '', '', 'f', 't', '2023-02-23 18:56:59.602653+00'),
(45, 'pbkdf2_sha256$390000$9fMtZ0iDJUNREyDq2Lcinl$OsYpbJJZnakXMguUHO/rr2LvWCn6QvDzpsgdmpBBPDs=', NULL, 'f', '1000861946', '', '', '', 'f', 't', '2023-02-23 19:03:01.29906+00'),
(46, 'pbkdf2_sha256$390000$pJ0U3BsFxdljff0sxrOiUE$2XGif8HkLeNMkRtFmIwnuzrdJUZYuXU/vcPTewkUyUg=', NULL, 'f', '1193336831', '', '', '', 'f', 't', '2023-02-23 19:12:31.348446+00'),
(47, 'pbkdf2_sha256$390000$9Iwu3lAdKq07x9KxbkH8Mw$rsAvvPDsY+r9DCGfb83myoEDo6jwaknzE+D95YKhW+0=', NULL, 'f', '1000157841', '', '', '', 'f', 't', '2023-02-23 19:14:18.719498+00'),
(48, 'pbkdf2_sha256$390000$m6fbXqbmH0wPNYSio2ECpv$jLrNetFQr3q1SYl3NB9DyT1I5ZU1dYxHa1pgY0byFMY=', NULL, 'f', '1014280840', '', '', '', 'f', 't', '2023-02-23 22:07:08.355051+00'),
(49, 'pbkdf2_sha256$390000$IuXdM1C3ny6mmUj2cw8yhP$BmuC7atIoZckheSW7ttjKpKbHeN5q/8Vz3V8gdanfzU=', NULL, 'f', '1031160835', '', '', '', 'f', 't', '2023-02-24 15:06:11.54749+00'),
(50, 'pbkdf2_sha256$390000$Xbn1cEBHEnlnx4As7UXACc$OJ2CaSDsNjLqt6ubgNmV0URebX+pDq6IrGEqxjD4O5Y=', NULL, 'f', '80224284', '', '', '', 'f', 't', '2023-02-24 15:48:05.906796+00'),
(51, 'pbkdf2_sha256$390000$jTNNZvaXuGzUfRqtpRN4Ca$2Hf/LPVV6AZZYQLntwuwN6NKi1RMNyNpjgZwsCUKb8o=', NULL, 'f', '1019062555', '', '', '', 'f', 't', '2023-02-24 18:41:20.171706+00'),
(52, 'pbkdf2_sha256$390000$1bxkiMAsoqJD6aW7dlVxxS$n13BsUSPsldjNUHSZOk5nXvYeZsuztroF5nNZqTGn1s=', NULL, 'f', '1001286414', '', '', '', 'f', 't', '2023-02-27 17:18:32.370207+00'),
(53, 'pbkdf2_sha256$390000$DZqeinlhUenjo1GtbNc5KL$4hYFUvnjm2fo1x3i25vsAzFv39PEXTb9t6p5MTMILF4=', NULL, 'f', '1001192633', '', '', '', 'f', 't', '2023-02-27 17:47:02.49046+00'),
(54, 'pbkdf2_sha256$390000$ceQLrgiOcSv0fK0ixnqhQF$mgxAFqMICpKg2kBNxfPESKvs0mYt2lXa4Jwa0g5QuSk=', NULL, 'f', '1000788409', '', '', '', 'f', 't', '2023-02-27 17:56:37.825181+00'),
(55, 'pbkdf2_sha256$390000$GiU0UZTuMDUDSc5ldPEt59$prO7VZiyC/18s/zKl6SOMZll6ZmhhF5ffE0DJ99EhEc=', NULL, 'f', '1000588431', '', '', '', 'f', 't', '2023-02-28 16:15:05.436135+00'),
(56, 'pbkdf2_sha256$390000$OQ9w7NwzWJkdLLlPJ0VDwQ$S9e56p4aKekl/zgJxEfirNVoHcplx7kfWjQPTYVkstM=', NULL, 'f', '1018471994', '', '', '', 'f', 't', '2023-02-28 16:38:57.723255+00'),
(57, 'pbkdf2_sha256$390000$0lIM4uiigQbYNpFddgupMM$HQgI06D9btccyUZSDevGFbEP5lz9XoagBxxQoXcpH+E=', NULL, 'f', '1000255938', '', '', '', 'f', 't', '2023-02-28 20:33:31.935921+00'),
(58, 'pbkdf2_sha256$390000$vuewefPsqbQbBQjAga4I4v$XgQwIkPQW9ayqJufpL6iI9bDRgVhGjVB7ds1wtLVps0=', NULL, 'f', '80724397', '', '', '', 'f', 't', '2023-02-28 20:35:51.04646+00'),
(59, 'pbkdf2_sha256$390000$rrZu9Q1KTPn0X0GJuihFjR$IHB/8VybvXxykn3ox2jDq6FWMxfLWQOix2j3tsmQy4A=', NULL, 'f', '1076667076', '', '', '', 'f', 't', '2023-02-28 22:14:37.150087+00'),
(60, 'pbkdf2_sha256$390000$Seib5fjmLxZ19NOG3kC9fK$x+ggdWjN/Gso4J3wz9T6kmCirq9051jSnHJ9dWYaS9I=', NULL, 'f', '1016114651', '', '', '', 'f', 't', '2023-03-01 13:41:41.191921+00'),
(61, 'pbkdf2_sha256$390000$z7mGlT1EgzHjuxY6mnT3R5$kxc8qCQr49Pkk7YoSqN0WmwSLm/Cnkec18WeDtwwxEY=', NULL, 'f', '1000216664', '', '', '', 'f', 't', '2023-03-02 14:36:22.945318+00'),
(62, 'pbkdf2_sha256$390000$6vKB62IFx0rhtYkGxWyn5A$TMeZtdLaQFftFemHaxFTtdv2wuKd9yAmZnu8XYjPaxo=', NULL, 'f', '1193561325', '', '', '', 'f', 't', '2023-03-02 15:01:58.584147+00'),
(63, 'pbkdf2_sha256$390000$MfiQeCiwrFNe3hCoPG9HnT$zsp8jMTynXhqvsuU/emZ96sn7cxWe2JR7mbiFIejvio=', NULL, 'f', '1006963744', '', '', '', 'f', 't', '2023-03-02 15:18:20.783892+00'),
(64, 'pbkdf2_sha256$390000$myyRLqyOSIjeaVjmX7S2ng$V2q5XRQA5RrBiOUcIeWyyv1gOy7iNUIhu+NVLO9K0DQ=', NULL, 'f', '1016111603', '', '', '', 'f', 't', '2023-03-02 15:19:36.43798+00'),
(65, 'pbkdf2_sha256$390000$ea6o8G1uTS2GADugW960Yz$05MHJ5qHFGaWCAKegaQWVJd3XRSJUSf2vORigani/do=', NULL, 'f', '1000156149', '', '', '', 'f', 't', '2023-03-02 15:47:50.913705+00'),
(66, 'pbkdf2_sha256$390000$gAIOmyaNq3abzS46s7AG2s$OPbMGzOkX3NNoQibDKlxPNRflvo9P4fL0i7Qlpwfmb8=', NULL, 'f', '53905486', '', '', '', 'f', 't', '2023-03-02 16:02:36.57613+00'),
(67, 'pbkdf2_sha256$390000$Dvp16fwP7CGkUx2i2xxAun$IPrymMhOAefhE8o1V0esTakUwMTQui0EcDPelPhREK8=', NULL, 'f', '1001325283', '', '', '', 'f', 't', '2023-03-02 20:34:49.122566+00'),
(68, 'pbkdf2_sha256$390000$saqrUUJUfEIk42p3pMqA4g$/ldTyX2tzIQXRUOmBv9kCGRuBeWeJBbIysXFxUCnJdg=', NULL, 'f', '1049373898', '', '', '', 'f', 't', '2023-03-03 18:42:49.093444+00'),
(69, 'pbkdf2_sha256$390000$TK3FzwMNqcuWFt7k5D3LMD$h8jbERcb5xI5PIrhZsEDRzwOIbOwJQzTtLcZM4NrpWE=', NULL, 'f', '1015450680', '', '', '', 'f', 't', '2023-03-06 15:42:40.389554+00'),
(70, 'pbkdf2_sha256$390000$gFX4oUbvZU2nPAPm8oeUbX$2XOjcQbImnvunxtjQgKYHD69Wixeob65MUP5GG6HMTM=', NULL, 'f', '80100978', '', '', '', 'f', 't', '2023-03-13 14:32:03.266105+00');

INSERT INTO "public"."auth_user_groups" ("id", "user_id", "group_id") VALUES
(8, 7, 1),
(10, 9, 1),
(12, 8, 3),
(13, 11, 2),
(15, 13, 2),
(16, 14, 2),
(18, 16, 1),
(19, 17, 3),
(20, 18, 3),
(21, 19, 3),
(24, 20, 3),
(25, 21, 3),
(26, 22, 3),
(27, 23, 3),
(28, 24, 3),
(29, 25, 3),
(30, 26, 3),
(31, 27, 3),
(32, 28, 3),
(33, 29, 3),
(34, 30, 3),
(35, 31, 3),
(39, 33, 3),
(43, 34, 3),
(44, 35, 3),
(46, 12, 2),
(49, 32, 3),
(50, 36, 3),
(51, 37, 3),
(52, 38, 3),
(53, 39, 3),
(54, 40, 3),
(55, 15, 1),
(56, 41, 3),
(57, 42, 3),
(58, 43, 3),
(59, 44, 3),
(60, 45, 3),
(61, 46, 3),
(62, 47, 3),
(64, 48, 3),
(65, 6, 1),
(66, 49, 3),
(67, 50, 3),
(68, 51, 3),
(69, 52, 3),
(70, 53, 3),
(71, 54, 3),
(72, 10, 1),
(74, 55, 3),
(75, 56, 3),
(76, 2, 1),
(77, 57, 3),
(78, 58, 3),
(79, 59, 3),
(80, 60, 3),
(81, 61, 3),
(82, 62, 3),
(83, 63, 3),
(84, 64, 3),
(85, 65, 3),
(86, 66, 1),
(87, 67, 3),
(88, 68, 3),
(89, 69, 3),
(90, 70, 3);

INSERT INTO "public"."Barrio" ("id", "estado", "nombre", "localidad_id_id") VALUES
(140, 't', 'JOSE MARIA CARBONEL', 7),
(141, 't', 'SAN BERNARDINO i', 7),
(142, 't', 'SAN MARTIN', 7),
(143, 't', 'MILLAN DE SAN FRANCISCO', 19),
(144, 't', 'SANTA CECILIA', 11),
(145, 't', 'NUEVA ROMA', 8),
(146, 't', 'EL RECREO', 7),
(1101, 't', 'LAS BRISAS', 4),
(1102, 't', 'BUENOS AIRES', 4),
(1103, 't', 'VITELMA', 3),
(1104, 't', 'MOLINOS DE ORIENTE', 4),
(1105, 't', 'EL TRIANGULO', 4),
(1107, 't', 'LAS MERCEDES', 4),
(1108, 't', 'SAN CRISTOBAL', 4),
(1109, 't', 'SANTA MARIA', 4),
(1110, 't', 'SAN JAVIER', 4),
(1111, 't', 'SANTA ANA SUR', 4),
(1112, 't', 'PRIMERO DE MAYO', 4),
(1114, 't', 'VELODROMO', 4),
(1115, 't', 'MONTE CARLO', 4),
(1201, 't', 'SEVILLA', 15),
(1202, 't', 'CIUDAD BERNA', 15),
(1203, 't', 'CARACAS', 15),
(1204, 't', 'CIUDAD JARDIN SUR', 15),
(1205, 't', 'SOCIEGO', 4),
(1206, 't', 'QUINTA RAMOS', 4),
(1207, 't', 'NARINO SUR', 4),
(1208, 't', 'LA HORTUA', 15),
(1209, 't', 'MODELO SUR', 4),
(1210, 't', 'CALVO SUR', 4),
(1211, 't', 'POLICARPA', 15),
(1301, 't', 'GRANADA SUR', 4),
(1302, 't', 'MONTEBELLO', 4),
(1303, 't', 'CORDOBA', 4),
(1304, 't', 'BELLO HORIZONTE', 4),
(1305, 't', 'ATENAS', 4),
(1306, 't', 'SAN PEDRO', 4),
(1307, 't', 'RAMAJAL', 4),
(1308, 't', 'SANTA INES', 4),
(1309, 't', 'SAN VICENTE', 4),
(1310, 't', 'LA VICTORIA', 4),
(1311, 't', 'LA GLORIA OCCIDENTAL', 4),
(1312, 't', 'LOS ALPES', 4),
(1313, 't', 'BELLAVISTA SUR', 4),
(1314, 't', 'SAN JOSE SUR', 4),
(1315, 't', 'ALTAMIRA', 4),
(1316, 't', 'MORALBA', 4),
(1317, 't', 'PUENTE COLORADO', 4),
(1318, 't', 'QUINDIO', 4),
(1319, 't', 'LA GLORIA', 4),
(1320, 't', 'LA NUEVA GLORIA', 4),
(1321, 't', 'SAN MARTIN', 4),
(1322, 't', 'SAN RAFAEL (USME)', 5),
(1323, 't', 'NUEVA DELLY', 4),
(1324, 't', 'EL PINAR', 4),
(1325, 't', 'JUAN REY', 4),
(1326, 't', 'LAS GUACAMAYAS', 4),
(1327, 't', 'LOS LIBERTADORES', 4),
(1328, 't', 'SANTA RITA SUR ORIENTAL', 4),
(1329, 't', 'EL PARAISO', 4),
(1330, 't', 'CANADA O GUIRA', 4),
(1331, 't', 'ALTOS DEL ZUQUE', 4),
(1332, 't', 'VILLABEL', 4),
(1333, 't', 'ALTOS DEL POBLADO', 4),
(1334, 't', 'LAS GAVIOTAS', 4),
(1335, 't', 'VILLA DIANA', 5),
(1336, 't', 'JUAN JOSE RONDON', 5),
(1337, 't', 'SAN PEDRO', 5),
(1338, 't', 'LA BELLEZA', 4),
(1401, 't', 'SAN JOSE', 18),
(1402, 't', 'GUSTAVO RESTREPO', 18),
(1403, 't', 'HOSPITAL SAN CARLOS', 18),
(1404, 't', 'SOCIEGO SUR', 18),
(1405, 't', '20 DE JULIO', 4),
(1406, 't', 'SAN ISIDRO', 4),
(1407, 't', 'SURAMERICA', 4),
(1408, 't', 'VILLA DE LOS ALPES', 4),
(1409, 't', 'LAS LOMAS', 4),
(1410, 't', 'MARCO FIDEL SUAREZ', 18),
(1411, 't', 'SAN JORGE SUR', 18),
(1412, 't', 'GRANJAS SAN PABLO', 18),
(1413, 't', 'LA RESURRECCION', 18),
(1414, 't', 'LOS MOLINOS DEL SUR', 18),
(1415, 't', 'MARCO FIDEL SUAREZ NO. 1', 18),
(1416, 't', 'SAN AGUSTIN', 18),
(1417, 't', 'LOS MOLINOS', 18),
(1418, 't', 'MARRUECOS', 18),
(1419, 't', 'CALLEJON DE SANTA BARBARA', 18),
(1420, 't', 'EL PLAYON', 18),
(1421, 't', 'DIANA TURBAY', 18),
(1422, 't', 'LOS ARRAYANES', 18),
(1424, 't', 'BARCELONA SUR', 4),
(1425, 't', 'GRANJAS SANTA SOFIA', 18),
(1426, 't', 'SAN LUIS', 18),
(1427, 't', 'DESARROLLO PUERTO RICO', 18),
(1428, 't', 'CERROS DE ORIENTE', 18),
(1429, 't', 'GUIPARMA', 18),
(1430, 't', 'VILLA DE LOS ALPES II SEC', 4),
(1432, 't', 'LA ARBOLEDA SUR', 18),
(2101, 't', 'LA FRAGUITA', 15),
(2102, 't', 'SAN ANTONIO', 15),
(2103, 't', 'RESTREPO', 15),
(2104, 't', 'RESTREPO OCCIDENTAL', 15),
(2105, 't', 'SANTANDER', 15),
(2106, 't', 'SENA', 15),
(2107, 't', 'LA FRAGUA', 15),
(2201, 't', 'OLAYA', 18),
(2202, 't', 'QUIROGA', 18),
(2203, 't', 'QUIROGA CENTRAL', 18),
(2204, 't', 'QUIROGA SUR', 18),
(2205, 't', 'SANTA LUCIA', 18),
(2301, 't', 'EDUARDO FREI', 15),
(2302, 't', 'SANTANDER SUR', 15),
(2303, 't', 'CENTENARIO', 18),
(2304, 't', 'SANTIAGO PEREZ', 18),
(2305, 't', 'LIBERTADOR', 18),
(2306, 't', 'BRAVO PAEZ', 18),
(2307, 't', 'INGLES', 18),
(2308, 't', 'CLARET', 18),
(2309, 't', 'VILLA MAYOR ORIENTAL', 15),
(2310, 't', 'MURILLO TORO', 18),
(2311, 't', 'VILLA MAYOR', 18),
(2401, 't', 'EL TUNAL ORIENTAL', 6),
(2402, 't', 'SAN VICENTE', 6),
(2403, 't', 'VENECIA OCCIDENTAL', 6),
(2404, 't', 'VENECIA', 6),
(2405, 't', 'ESCUELA GENERAL SANTANDER', 6),
(2406, 't', 'SAMORE', 6),
(2407, 't', 'EL CARMEN', 6),
(2408, 't', 'FATIMA', 6),
(2409, 't', 'NUEVO MUZU', 6),
(2410, 't', 'EL TUNAL COMERCIAL', 6),
(2411, 't', 'ISLA DEL SOL', 6),
(2412, 't', 'VERONA', 19),
(2413, 't', 'MUZU', 6),
(2414, 't', 'ISMAEL PERDOMO', 19),
(2415, 't', 'MADELENA', 19),
(2416, 't', 'EL ENSUENO', 19),
(2417, 't', 'BARLOVENTO', 19),
(2418, 't', 'LA ESTANCIA', 19),
(2419, 't', 'RINCON DE LA VALVANERA', 19),
(2420, 't', 'CORUNA', 19),
(2421, 't', 'RAFAEL ESCAMILLA', 19),
(2422, 't', 'ATLANTA', 19),
(2425, 't', 'EL TUNAL CENTRAL', 6),
(2426, 't', 'EL TUNAL OCCIDENTAL', 6),
(2427, 't', 'GALICIA', 19),
(2428, 't', 'PRIMAVERA', 19),
(2430, 't', 'BRISAS', 19),
(2431, 't', 'POTOSI', 19),
(2432, 't', 'ARBORIZADORA BAJA', 19),
(2433, 't', 'EL PENON DEL CORTIJO', 19),
(2434, 't', 'JERUSALEN', 19),
(2435, 't', 'EL CHILCAL', 19),
(2436, 't', 'BELLAVISTA', 19),
(2437, 't', 'LA PREDERA', 19),
(2488, 't', 'EL PORVENIR', 19),
(2501, 't', 'SAN CARLOS', 6),
(2503, 't', 'LA AURORA', 5),
(2504, 't', 'COMPARTIR', 19),
(2505, 't', 'SAN ANDRES DE LOS ALTOS', 5),
(2506, 't', 'GRAN YOMASA', 5),
(2507, 't', 'ABRAHAM LINCOLN', 6),
(2508, 't', 'TUNJUELITO', 6),
(2509, 't', 'SAN BENITO', 6),
(2510, 't', 'LA PICOTA ORIENTAL', 18),
(2511, 't', 'LA PICOTA', 18),
(2512, 't', 'AREA ARTILLERIA', 6),
(2513, 't', 'LA ACACIA', 19),
(2514, 't', 'MEISEN', 19),
(2515, 't', 'SAN FRANCISCO', 19),
(2516, 't', 'MEXICO', 19),
(2517, 't', 'LUCERO DEL SUR', 19),
(2518, 't', 'LA RONDA', 6),
(2519, 't', 'DANUBIO', 5),
(2521, 't', 'LUCERO ALTO', 19),
(2522, 't', 'EL MOCHUELO ORIENTAL', 19),
(2523, 't', 'LA ALAMEDA', 19),
(2524, 't', 'LA ANDREA', 5),
(2525, 't', 'BARRANQUILLITA', 5),
(2526, 't', 'SANTA LIBRADA', 5),
(2527, 't', 'LA CABANA', 5),
(2528, 't', 'SANTA LIBRADA NORTE', 5),
(2529, 't', 'MARICHUELA', 5),
(2530, 't', 'QUIBA', 19),
(2531, 't', 'CANDELARIA LA NUEVA', 19),
(2532, 't', 'LAS QUINTAS DEL SUR', 19),
(2533, 't', 'SOTAVENTO', 19),
(2534, 't', 'CASA DE TEJA', 19),
(2535, 't', 'PALERMO SUR', 18),
(2536, 't', 'MONTE BLANCO', 5),
(2537, 't', 'CHUNIZA', 5),
(2539, 't', 'SAN RAFAEL', 19),
(2540, 't', 'ESTRELLA DEL SUR', 19),
(2541, 't', 'GRANADA SUR', 5),
(2542, 't', 'SERRANIAS', 5),
(2546, 't', 'NACIONES UNIDAS', 19),
(2548, 't', 'VIRREY', 5),
(2549, 't', 'VILLA GLORIA', 19),
(2550, 't', 'DUITAMA', 5),
(2552, 't', 'JUAN PABLO', 19),
(2553, 't', 'SUMAPAZ', 19),
(2554, 't', 'GIBRALTAR', 19),
(2555, 't', 'SAN JUAN BAUTISTA', 5),
(2557, 't', 'JUAN JOSE RONDON', 19),
(2558, 't', 'VILLAS DEL DIAMANTE', 19),
(2559, 't', 'URB. VILLAS DE LOS ALPES', 19),
(2560, 't', 'BELLAVISTA LUCERO ALTO', 19),
(2561, 't', 'CORDILLERA SUR', 19),
(2563, 't', 'LA PICOTA SUR', 5),
(2564, 't', 'MINUTO DE LA MARIA', 19),
(2647, 't', 'EL TESORO', 19),
(3101, 't', 'LA ALAMEDA', 3),
(3102, 't', 'LAS NIEVES', 3),
(3103, 't', 'LAS AGUAS', 17),
(3104, 't', 'LA CONCORDIA', 17),
(3105, 't', 'EGIPTO', 17),
(3106, 't', 'CENTRO ADMINISTRATIVO', 17),
(3107, 't', 'SANTA INES', 3),
(3108, 't', 'LA CAPUCHINA', 3),
(3109, 't', 'LA VERACRUZ', 3),
(3110, 't', 'LA CATEDRAL', 17),
(3201, 't', 'SAN BERNARDO', 3),
(3202, 't', 'LAS CRUCES', 3),
(3203, 't', 'SANTA BARBARA', 17),
(3204, 't', 'BELEN', 17),
(3205, 't', 'EL GUAVIO', 3),
(3206, 't', 'LA PENA', 3),
(3207, 't', 'LOS LACHES', 3),
(3208, 't', 'EL ROCIO', 3),
(3209, 't', 'EL DORADO', 3),
(3210, 't', 'RAMIREZ', 3),
(3211, 't', 'GIRARDOT', 3),
(3212, 't', 'LOURDES', 3),
(4101, 't', 'RICAURTE', 14),
(4102, 't', 'LA SABANA', 14),
(4103, 't', 'VOTO NACIONAL', 14),
(4104, 't', 'LA ESTANZUELA', 14),
(4105, 't', 'EDUARDO SANTOS', 14),
(4106, 't', 'EL VERGEL', 14),
(4107, 't', 'SANTA ISABEL SUR', 14),
(4108, 't', 'SANTA ISABEL', 14),
(4109, 't', 'VERAGUAS', 14),
(4110, 't', 'LA PEPITA', 14),
(4111, 't', 'EL PROGRESO', 14),
(4201, 't', 'PENSILVANIA', 16),
(4202, 't', 'COMUNEROS', 16),
(4203, 't', 'LA ASUNCION', 16),
(4204, 't', 'CIUDAD MONTES', 16),
(4205, 't', 'PRIMAVERA OCCIDENTAL', 16),
(4206, 't', 'SAN FRANCISCO', 16),
(4207, 't', 'GORGONZOLA', 16),
(4208, 't', 'LOS EJIDOS', 16),
(4209, 't', 'SANTAMATILDE', 16),
(4210, 't', 'JORGE CORTES', 16),
(4211, 't', 'BOCHICA', 16),
(4212, 't', 'TIBANA', 16),
(4301, 't', 'SAN RAFAEL INDUSTRIAL', 16),
(4302, 't', 'SAN RAFAEL', 16),
(4303, 't', 'BARCELONA', 16),
(4304, 't', 'GALAN', 16),
(4305, 't', 'LA PRADERA', 16),
(4306, 't', 'LA TRINIDAD', 16),
(4307, 't', 'SAN GABRIEL', 16),
(4308, 't', 'COLON', 16),
(4309, 't', 'LA CAMELIA', 16),
(4310, 't', 'PROVIVIENDA NORTE', 16),
(4401, 't', 'SAN EUSEBIO', 16),
(4402, 't', 'REMANSO', 16),
(4403, 't', 'AUTOPISTA MUZU', 16),
(4404, 't', 'AUTOPISTA DEL SUR', 16),
(4405, 't', 'OSPINA PEREZ SUR', 16),
(4406, 't', 'OSPINA PEREZ', 16),
(4407, 't', 'ALCALA', 16),
(4408, 't', 'EL TEJAR', 16),
(4409, 't', 'LA ALQUERIA', 16),
(4412, 't', 'REMANSO SUR', 16),
(4413, 't', 'AUTOPISTA MUZU 0RIENTAL', 16),
(4501, 't', 'KENNEDY', 8),
(4502, 't', 'HIPOTECHO OCCIDENTAL', 8),
(4503, 't', 'PROVIVIENDA ORIENTAL', 8),
(4504, 't', 'PROVIVIENDA', 8),
(4505, 't', 'PROVIVIENDA OCCIDENTAL', 8),
(4506, 't', 'LA CAMPINA', 8),
(4507, 't', 'CIUDAD KENNEDY SUR', 8),
(4508, 't', 'CIUD. KENNEDY OCCIDENTAL', 8),
(4509, 't', 'CIUDAD KENNEDY', 8),
(4510, 't', 'CIUDAD KENNEDY ORIENTAL', 8),
(4511, 't', 'CIUDAD KENNEDY CENTRAL', 8),
(4512, 't', 'TIMIZA', 8),
(4514, 't', 'CIUDAD KENNEDY NORTE', 8),
(4515, 't', 'TUNDAMA', 8),
(4516, 't', 'BOITA', 8),
(4517, 't', 'JACQUELINE', 8),
(4518, 't', 'TIMIZA A', 8),
(4519, 't', 'BRASIL', 7),
(4520, 't', 'LA PAZ BOSA', 7),
(4521, 't', 'ESTACION BOSA', 7),
(4522, 't', 'BOSA', 7),
(4523, 't', 'JIMENEZ DE QUESADA', 7),
(4524, 't', 'SAN PABLO', 7),
(4525, 't', 'PASTRANA', 8),
(4526, 't', 'BOSA NOVA', 7),
(4527, 't', 'NUEVA GRANADA', 7),
(4528, 't', 'PASO ANCHO', 7),
(4529, 't', 'JARDIN DEL APOGEO', 7),
(4530, 't', 'TIMIZA B', 8),
(4531, 't', 'MANDALAY', 8),
(4532, 't', 'LA CECILIA', 8),
(4533, 't', 'EL RETAZO', 7),
(4534, 't', 'ROMA', 8),
(4535, 't', 'CLASS', 8),
(4536, 't', 'EL RUBI', 8),
(4537, 't', 'CASABLANCA', 8),
(4538, 't', 'OLARTE', 7),
(4539, 't', 'GRAN COLOMBIANO', 7),
(4540, 't', 'CATALINA II', 8),
(4541, 't', 'PARAISO', 8),
(4542, 't', 'ALQUERIA LA FRAGUA', 8),
(4543, 't', 'ALQUERIA', 8),
(4544, 't', 'LAS DELICIAS', 8),
(4545, 't', 'CATALINA', 8),
(4546, 't', 'VILLA DEL RIO', 7),
(4547, 't', 'CORABASTOS', 8),
(4548, 't', 'TECHO', 8),
(4549, 't', 'LAS TORRES', 8),
(4550, 't', 'JOSE MARIA CARBONELL', 7),
(4551, 't', 'HIPOTECHO SUR', 8),
(4552, 't', 'GUALOCHE', 7),
(4553, 't', 'ANDALUCIA II', 7),
(4554, 't', 'PATIO BONITO', 8),
(4555, 't', 'PATIO BONITO II', 8),
(4556, 't', 'GRAN BRITALIA I', 8),
(4557, 't', 'GRAN BRITALIA', 7),
(4558, 't', 'CAMPOHERMOSO', 8),
(4559, 't', 'GRAN BRITALIA', 7),
(4560, 't', 'SAUCEDAL', 8),
(4562, 't', 'LLANO GRANDE', 8),
(4563, 't', 'GUADALUPE', 19),
(4564, 't', 'TAYRONA', 8),
(4565, 't', 'PASTRANITA', 8),
(4566, 't', 'TOCAREMA', 8),
(4568, 't', 'JORGE URIBE BOTERO', 7),
(4569, 't', 'JOSE ANTONIO GALAN', 7),
(4570, 't', 'ANTONIA SANTOS', 7),
(4574, 't', 'CHARLES DE GAULLE', 7),
(4575, 't', 'LOS LAURELES', 7),
(4576, 't', 'CASABLANCA', 8),
(4577, 't', 'MORABIA II', 8),
(4578, 't', 'A. S. D.', 8),
(4580, 't', 'BOSANOVA', 7),
(5101, 't', 'JOSE JOAQUIN VARGAS', 12),
(5102, 't', 'POPULAR MODELO', 12),
(5103, 't', 'SAN MIGUEL', 12),
(5104, 't', 'EL ROSARIO', 12),
(5105, 't', 'CAMPIN OCCIDENTAL', 13),
(5106, 't', 'NICOLAS DE FEDERMAN', 13),
(5107, 't', 'ACEVEDO TEJADA', 13),
(5108, 't', 'CIUDAD UNIVERSITARIA', 13),
(5109, 't', 'CTRO ADMIVO. OCCIDENTE', 13),
(5110, 't', 'EL SALITRE', 13),
(5111, 't', 'LA ESMERALDA', 13),
(5112, 't', 'PARQUE  EL SALITRE.', 12),
(5113, 't', 'PAULO VI', 13),
(5114, 't', 'PARQUE SIMON BOLIVAR', 13),
(5115, 't', 'PARQUE POPULAR SALITRE', 12),
(5116, 't', 'PAULO VI NORTE', 13),
(5117, 't', 'RAFAEL NUNEZ', 13),
(5201, 't', 'JORGE ELIECER GAITAN', 12),
(5202, 't', 'DOCE DE OCTUBRE', 12),
(5203, 't', 'SAN FERNANDO', 12),
(5204, 't', 'SAN FERNANDO OCCIDENTAL', 12),
(5205, 't', 'SIMON BOLIVAR', 12),
(5206, 't', 'LA LIBERTAD', 12),
(5207, 't', 'METROPOLIS', 12),
(5304, 't', 'LA CASTELLANA', 12),
(5305, 't', 'LA PATRIA', 12),
(5306, 't', 'ENTRERIOS', 12),
(5307, 't', 'LOS ANDES', 12),
(5308, 't', 'RIONEGRO', 12),
(5310, 't', 'ESCUELA MILITAR', 12),
(5401, 't', 'POTOSI', 11),
(5402, 't', 'SANTA ROSA', 11),
(5403, 't', 'JULIO FLOREZ', 11),
(5404, 't', 'LAS FERIAS', 10),
(5405, 't', 'LAS FERIAS OCCIDENTAL', 10),
(5406, 't', 'BONANZA', 10),
(5501, 't', 'PALOBLANCO', 10),
(5502, 't', 'LA ESTRADA', 10),
(5503, 't', 'BELLAVISTA OCCIDENTAL', 10),
(5504, 't', 'LA ESTRADITA', 10),
(5505, 't', 'BOSQUE POPULAR', 10),
(5506, 't', 'JARDIN BOTANICO', 10),
(5507, 't', 'NORMANDIA', 10),
(5508, 't', 'LA CABANA', 10),
(5509, 't', 'SAN JOAQUIN', 10),
(5510, 't', 'EL LAUREL', 10),
(5601, 't', 'MINUTO DE DIOS', 10),
(5602, 't', 'SANTA MARIA', 10),
(5603, 't', 'BOYACA', 10),
(5604, 't', 'EL REAL', 10),
(5605, 't', 'EL ENCANTO', 10),
(5606, 't', 'NORMANDIA OCCIDENTAL', 10),
(5607, 't', 'SAN IGNACIO', 10),
(5608, 't', 'SANTA  HELENITA', 10),
(5609, 't', 'TABORA', 10),
(5610, 't', 'LA GRANJA', 10),
(5611, 't', 'AUTOPISTA MEDELLIN', 10),
(5612, 't', 'PARIS GAITAN', 10),
(5613, 't', 'LA SERENA', 10),
(5614, 't', 'VILLA LUZ', 10),
(5615, 't', 'LA SOLEDAD NORTE', 10),
(5616, 't', 'LOS CEREZOS', 10),
(5617, 't', 'LA PRIMAVERA', 10),
(5618, 't', 'QUIRIGUA', 10),
(5619, 't', 'PARIS', 10),
(5620, 't', 'FLORENCIA', 10),
(5621, 't', 'FLORIDA BLANCA', 10),
(5622, 't', 'BOLIVIA', 10),
(5623, 't', 'LOS ANGELES', 10),
(5624, 't', 'AEROPUERTO EL DORADO', 9),
(5625, 't', 'FLORIDA BLANCA NORTE', 10),
(5626, 't', 'LOS ALAMOS', 10),
(5627, 't', 'GARCES NAVAS', 10),
(5628, 't', 'GARCES NAVAS ORIENTAL', 10),
(5629, 't', 'EL CEDRO', 10),
(5630, 't', 'CIUDAD BACHUE', 10),
(5631, 't', 'CIUDAD BACHUE I', 10),
(5632, 't', 'BOCHICA', 10),
(5634, 't', 'EL CORTIJO', 10),
(5635, 't', 'EL MADRIGAL', 10),
(5636, 't', 'ENGATIVA', 10),
(5637, 't', 'VILLA GLADYS', 10),
(5638, 't', 'SANTA CECILIA', 10),
(5640, 't', 'BOLIVIA ORIENTAL', 10),
(5641, 't', 'SANTA MONICA', 10),
(5643, 't', 'ALAMOS NORTE', 10),
(5644, 't', 'BOCHICA II', 10),
(5647, 't', 'VILLAS DE GRANADA', 10),
(5648, 't', 'VILLA AMALIA', 10),
(5649, 't', 'VILLAS DE GRANADA I', 10),
(5650, 't', 'CIUDADELA COLSUBSIDIO', 10),
(6101, 't', 'LA FLORIDA', 14),
(6103, 't', 'SANTA FE', 14),
(6104, 't', 'LA FAVORITA', 14),
(6105, 't', 'SAN VICTORINO', 14),
(6106, 't', 'EL LISTON', 14),
(6107, 't', 'PALOQUEMAO', 14),
(6108, 't', 'SAMPER MENDOZA', 14),
(6109, 't', 'COLSEGUROS', 14),
(6110, 't', 'USATAMA', 14),
(6201, 't', 'EL RECUERDO', 13),
(6202, 't', 'GRAN AMERICA', 13),
(6203, 't', 'LA FLORIDA OCCIDENTAL', 16),
(6204, 't', 'ESTACION CENTRAL', 16),
(6205, 't', 'INDUSTRIAL CENTENARIO', 16),
(6206, 't', 'EL EJIDO', 16),
(6207, 't', 'BATALLON CALDAS', 16),
(6208, 't', 'ORTEZAL', 16),
(6209, 't', 'QUINTA PAREDES', 13),
(6210, 't', 'CENTRO NARINO', 13),
(6211, 't', 'CUNDINAMARCA', 16),
(6212, 't', 'SALAZAR GOMEZ', 16),
(6215, 't', 'PUENTE ARANDA', 16),
(6216, 't', 'CIUD. SALITRE NOR-ORIENTA', 13),
(6217, 't', 'CIUD. SALITRE SUR-ORIENTA', 13),
(6218, 't', 'CENTRO INDUSTRIAL', 16),
(6301, 't', 'SANTA CECILIA', 9),
(6302, 't', 'CAPELLANIA', 9),
(6303, 't', 'LA ESPERANZA NORTE', 9),
(6306, 't', 'GRANJAS DE TECHO', 9),
(6307, 't', 'MONTEVIDEO', 9),
(6308, 't', 'FRANCO', 9),
(6311, 't', 'MODELIA', 9),
(6312, 't', 'MODELIA OCCIDENTAL', 9),
(6313, 't', 'CIUD. SALITRE OCCIDENTAL', 9),
(6315, 't', 'LA ESPERANZA SUR', 9),
(6316, 't', 'BOSQUE DE MODELIA', 9),
(6319, 't', 'TERMINAL DE TRANSPORTES', 9),
(6401, 't', 'VERSALLES-FONTIBON', 9),
(6402, 't', 'LA CABANA FONTIBON', 9),
(6403, 't', 'SAN JOSE FONTIBON', 9),
(6404, 't', 'PUERTA DE TEJA', 9),
(6405, 't', 'FERROCAJA FONTIBON', 9),
(6406, 't', 'VILLEMAR FONTIBON', 9),
(6407, 't', 'GUADUAL FONTIBON', 9),
(6408, 't', 'EL CARMEN FONTIBON', 9),
(6409, 't', 'BELEN FONTIBON', 9),
(6410, 't', 'CENTRO FONTIBON', 9),
(6413, 't', 'SAN PABLO JERICO-FONTIBON', 9),
(6414, 't', 'BRISAS ALDEA-FONTIBON', 9),
(6415, 't', 'LA LAGUNA FONTIBON', 9),
(6416, 't', 'ATAHUALPA', 9),
(6417, 't', 'FLANDES', 9),
(6418, 't', 'PUENTE GRANDE', 9),
(6419, 't', 'EL REFUGIO-LA ZELFITA', 9),
(6501, 't', 'COOP. DE SUB-OFICIALES', 8),
(6502, 't', 'MARSELLA', 8),
(6503, 't', 'VISION DE COLOMBIA', 8),
(6504, 't', 'BAVARIA', 8);

INSERT INTO "public"."Barrio" ("id", "estado", "nombre", "localidad_id_id") VALUES
(6505, 't', 'PIO XII', 8),
(6506, 't', 'CASTILLA', 8),
(6507, 't', 'NUEVO TECHO', 8),
(6508, 't', 'LAS DOS AVENIDAS', 8),
(6509, 't', 'LUSITANIA', 8),
(6510, 't', 'VILLA ALSACIA 2', 8),
(7101, 't', 'LA SOLEDAD', 13),
(7102, 't', 'SANTA TERESITA', 13),
(7103, 't', 'LA MAGDALENA', 13),
(7104, 't', 'TEUSAQUILLO', 13),
(7105, 't', 'ARMENIA', 13),
(7106, 't', 'ESTRELLA', 13),
(7107, 't', 'LAS AMERICAS', 13),
(7201, 't', 'EL CAMPIN', 13),
(7202, 't', 'SAN LUIS', 13),
(7203, 't', 'CHAPINERO SUR OCCIDENTAL', 13),
(7204, 't', 'QUESADA', 13),
(7205, 't', 'PALERMO', 13),
(7206, 't', 'BELALCAZAR', 13),
(7207, 't', 'SEARS', 13),
(7208, 't', 'BANCO CENTRAL', 13),
(7209, 't', 'ALFONSO LOPEZ', 13),
(7301, 't', 'LA MERCED NORTE', 12),
(7302, 't', 'ALCAZARES', 12),
(7303, 't', 'COLOMBIA', 12),
(7304, 't', 'CONCEPCION NORTE', 12),
(7305, 't', 'LA ESPERANZA', 12),
(7306, 't', 'BAQUERO', 12),
(7307, 't', 'MUEQUETA', 12),
(7308, 't', 'QUINTA MUTIS', 12),
(7309, 't', 'BENJAMIN HERRERA', 12),
(7310, 't', 'LA PAZ', 12),
(7311, 't', 'SIETE DE AGOSTO', 12),
(7312, 't', 'RAFAEL URIBE', 12),
(7401, 't', 'POLO CLUB', 12),
(7402, 't', 'JUAN XXIII', 12),
(7403, 't', 'SAN FELIPE', 12),
(7404, 't', 'ALCAZARES NORTE', 12),
(7405, 't', 'ONCE DE NOVIEMBRE', 12),
(7406, 't', 'SANTA SOFIA', 12),
(7407, 't', 'LA AURORA', 12),
(8101, 't', 'SAGRADO CORAZON', 3),
(8102, 't', 'PARQUE NACIONAL', 3),
(8103, 't', 'LA MERCED', 3),
(8104, 't', 'LA PERSEVERANCIA', 3),
(8105, 't', 'LA MACARENA', 3),
(8106, 't', 'BOSQUE IZQUIERDO', 3),
(8107, 't', 'SAN DIEGO', 3),
(8108, 't', 'SAMPER', 3),
(8109, 't', 'SAN MARTIN', 3),
(8111, 't', 'CATALUNA', 2),
(8112, 't', 'SUCRE', 2),
(8201, 't', 'QUINTA CAMACHO', 2),
(8202, 't', 'EMAUS', 2),
(8203, 't', 'LAS ACACIAS', 2),
(8204, 't', 'GRANADA', 2),
(8205, 't', 'MARIA CRISTINA', 2),
(8206, 't', 'LA SALLE', 2),
(8207, 't', 'BOSQUE CALDERON', 2),
(8208, 't', 'PARDO RUBIO', 2),
(8210, 't', 'EL PARAISO', 2),
(8212, 't', 'MARLY', 2),
(8213, 't', 'CHAPINERO CENTRAL', 2),
(8214, 't', 'CHAPINERO NORTE', 2),
(8215, 't', 'INGEMAR', 2),
(8301, 't', 'CHICO NORTE II', 2),
(8302, 't', 'EL SEMINARIO', 2),
(8303, 't', 'EL REFUGIO', 2),
(8304, 't', 'LOS ROSALES', 2),
(8305, 't', 'BELLAVISTA', 2),
(8306, 't', 'LA PORCIUNCULA', 2),
(8307, 't', 'CHICO NORTE', 2),
(8308, 't', 'CHICO', 2),
(8309, 't', 'LA CABRERA', 2),
(8310, 't', 'EL RETIRO', 2),
(8311, 't', 'EL NOGAL', 2),
(8312, 't', 'EL ESPARTILLAL', 2),
(8313, 't', 'LAGO GAITAN', 2),
(8314, 't', 'ANTIGUO COUNTRY', 2),
(8315, 't', 'CHICO NORTE III', 2),
(8401, 't', 'LA CALLEJA', 1),
(8402, 't', 'COUNTRY CLUB', 1),
(8403, 't', 'LA CAROLINA', 1),
(8404, 't', 'BELLA SUIZA', 1),
(8405, 't', 'GINEBRA', 1),
(8406, 't', 'SAN GABRIEL NORTE', 1),
(8407, 't', 'USAQUEN', 1),
(8408, 't', 'SANTA ANA USAQUEN', 1),
(8409, 't', 'ESCUELA DE CABALLERIA', 1),
(8410, 't', 'ESCUELA DE INFANTERIA', 1),
(8411, 't', 'RINCON DEL CHICO', 1),
(8412, 't', 'SANTA BIBIANA', 1),
(8413, 't', 'SANTA BARBARA ORIENTAL', 1),
(8414, 't', 'SANTA ANA OCCIDENTAL', 1),
(8415, 't', 'SANTA BARBARA CENTRAL', 1),
(8416, 't', 'MOLINOS NORTE', 1),
(8417, 't', 'SANTA BARBARA OCCIDENTAL', 1),
(8418, 't', 'SAN PATRICIO', 1),
(8501, 't', 'TOBERIN', 1),
(8502, 't', 'PRADERA NORTE', 1),
(8503, 't', 'SANTA TERESA', 1),
(8504, 't', 'LA CITA', 1),
(8505, 't', 'SAN CRISTOBAL NORTE', 1),
(8506, 't', 'BARRANCAS NORTE', 1),
(8507, 't', 'BARRANCAS', 1),
(8508, 't', 'CEDRO SALAZAR', 1),
(8509, 't', 'LOS CEDROS ORIENTAL', 1),
(8510, 't', 'ACACIAS USAQUEN', 1),
(8511, 't', 'CEDRO NARVAEZ', 1),
(8512, 't', 'CEDRITOS', 1),
(8513, 't', 'LISBOA', 1),
(8514, 't', 'EL CONTADOR', 1),
(8515, 't', 'LOS CEDROS', 1),
(8516, 't', 'LAS ORQUIDEAS', 1),
(8517, 't', 'LA LIBERIA', 1),
(8518, 't', 'CAOBOS SALAZAR', 1),
(8519, 't', 'ESTRELLA DEL NORTE', 1),
(8520, 't', 'BOSQUE DE PINOS', 1),
(8521, 't', 'TIBABITA', 1),
(8523, 't', 'SAN ANTONIO NORTE', 1),
(8524, 't', 'LAS GRANJAS DEL NORTE', 1),
(8525, 't', 'LA URIBE', 1),
(8526, 't', 'EL VERVENAL', 1),
(8527, 't', 'EL CEREZO', 1),
(8528, 't', 'SAN ANTONIO NOR-OCC.', 1),
(8529, 't', 'SAN JOSE DE USAQUEN', 1),
(8530, 't', 'LAS MARGARITAS', 1),
(8532, 't', 'EL REDIL', 1),
(8533, 't', 'HORIZONTES', 1),
(8534, 't', 'STA CECILIA NTE PARTE ALT', 1),
(9101, 't', 'GRANADA NORTE', 11),
(9102, 't', 'BRITALIA', 11),
(9103, 't', 'CANTAGALLO', 11),
(9104, 't', 'VICTORIA NORTE', 11),
(9105, 't', 'SANTA HELENA', 11),
(9106, 't', 'SAN JOSE DEL PRADO', 11),
(9107, 't', 'PRADO VERANIEGO', 11),
(9108, 't', 'CIUDAD JARDIN NORTE', 11),
(9109, 't', 'NIZA', 11),
(9110, 't', 'MAZUREN', 11),
(9111, 't', 'MONACO', 11),
(9112, 't', 'NIZASUBA', 11),
(9113, 't', 'SAN JOSE DE BAVARIA', 11),
(9114, 't', 'GILMAR', 11),
(9115, 't', 'IBERIA', 11),
(9116, 't', 'PRADO VERANIEGO NORTE', 11),
(9117, 't', 'PRADO VERANIEGO SUR', 11),
(9118, 't', 'EL BATAN', 11),
(9119, 't', 'ATENAS', 11),
(9120, 't', 'NUEVA ZELANDIA', 11),
(9121, 't', 'CLUB LOS LAGARTOS', 11),
(9122, 't', 'LAS VILLAS', 11),
(9123, 't', 'NIZA NORTE', 11),
(9124, 't', 'PUENTE LARGO', 11),
(9125, 't', 'PASADENA', 11),
(9126, 't', 'ESTORIL', 11),
(9127, 't', 'LOS ANDES NORTE', 11),
(9128, 't', 'EL PLAN', 11),
(9129, 't', 'VILLA DEL PRADO', 11),
(9130, 't', 'CANODROMO', 11),
(9131, 't', 'SANTA HELENA I', 11),
(9132, 't', 'ESCUELA DE CARABINEROS', 11),
(9133, 't', 'MIRANDELA', 11),
(9134, 't', 'SAN JOSE V SECTOR', 11),
(9135, 't', 'PORTALES DEL NORTE', 11),
(9201, 't', 'NARANJOS', 11),
(9202, 't', 'EL RINCON', 11),
(9203, 't', 'PUERTA DEL SOL', 11),
(9204, 't', 'EL RINCON NORTE', 11),
(9205, 't', 'AURES', 11),
(9206, 't', 'AURES II', 11),
(9207, 't', 'VILLA ELISA', 11),
(9208, 't', 'COSTA AZUL', 11),
(9209, 't', 'VILLA MARIA', 11),
(9210, 't', 'LAS FLORES', 11),
(9211, 't', 'EL POA', 11),
(9212, 't', 'SUBA URBANO', 11),
(9213, 't', 'EL PINO', 11),
(9214, 't', 'TUNA ALTA', 11),
(9215, 't', 'CASABLANCA SUBA', 11),
(9216, 't', 'LA GAITANA', 11),
(9217, 't', 'RINCON DE SANTA INES', 11),
(9218, 't', 'SAN JORGE', 11),
(9219, 't', 'CAMPANELA', 11),
(9220, 't', 'LAGO DE SUBA', 11),
(9221, 't', 'LA CHUCUA', 11),
(9222, 't', 'LOS NARANJOS', 11),
(9223, 't', 'TTES DE COLOMBIA', 11),
(9224, 't', 'NUEVA TIBABUYES', 11),
(9225, 't', 'TIBABUYES UNIVERSAL', 11),
(9226, 't', 'EL SALITRE', 11),
(9227, 't', 'WALESSA', 11),
(9228, 't', 'LOMBARDIA', 11),
(9229, 't', 'TOSCANA', 11),
(9230, 't', 'SAN CAYETANO', 11),
(9232, 't', 'SABANA DE TIBABUYES', 11),
(9233, 't', 'TIBABUYES', 11),
(9235, 't', 'CIUDAD HUNZA', 11),
(9237, 't', 'EL RINCON DE SUBA', 11),
(9240, 't', 'POTRERILLOS', 11),
(9241, 't', 'BOSQUES DE SAN JORGE', 11),
(10503, 't', 'CERROS', 3),
(11116, 't', 'EL PORVENIR', 7),
(22222, 't', 'DIVISION PICOTA', 18),
(33333, 't', 'TIBABITA', 1),
(44444, 't', 'BRASILIA', 7),
(55555, 't', 'CHICALA', 7),
(66666, 't', 'EL BOSQUE', 5),
(99999, 't', 'DIVISION DE TIBABUYES OCC', 11),
(101502, 't', 'SAN MARTIN', 2),
(101503, 't', 'SANTA ANA', 2),
(102311, 't', 'EL PORTAL', 5),
(104307, 't', 'EL MOCHUELO', 19),
(108402, 't', 'SAN ISIDRO', 1),
(108403, 't', 'VIA A LA CALERA', 2),
(108404, 't', 'VIA A LA CALERA', 2),
(111111, 't', 'DIVISION MONTERREY', 8),
(111112, 't', 'ALFONSO LOPEZ', 5),
(111113, 't', 'DIANA TURBAY CULTIVOS', 18),
(111114, 't', 'SORATAMA', 1),
(111115, 't', 'CT.NORTE KM 23', 1),
(111118, 't', 'EL PITE', 1),
(120102, 't', 'ARRAYANES', 5),
(120103, 't', 'A.S.D', 5),
(120104, 't', 'BOLONIA', 5),
(120105, 't', 'TUNJUELITO', 5),
(120143, 't', 'PORVENIR', 5),
(120201, 't', 'LA CABANA', 5),
(120202, 't', 'YOMASA', 5),
(120204, 't', 'LILIANA', 5),
(120205, 't', 'CHARALA', 5),
(120206, 't', 'SERRANIAS', 5),
(120207, 't', 'DESARROLLO BARSUELOS', 5),
(120208, 't', 'YOMASA NORTE', 5),
(120210, 't', 'VILLA ISRAEL', 5),
(120238, 't', 'USMINIA', 5),
(120242, 't', 'COMUNEROS', 5),
(120301, 't', 'TIVAQUE', 4),
(120303, 't', 'SAN BLAS 2 SECTOR', 4),
(120401, 't', 'LOS ARRAYANES', 5),
(120402, 't', 'LOS SOCHES', 5),
(120404, 't', 'TOCAIMITA', 5),
(120405, 't', 'PEPINITOS', 5),
(120406, 't', 'TOCAIMITA', 5),
(120407, 't', 'TIBAQUE SUR', 5),
(120500, 't', 'EL UVAL', 5),
(120600, 't', 'CENTRO USME', 5),
(140101, 't', 'CIUDAD BOLIVAR', 19),
(140102, 't', 'EL MIRADOR', 19),
(140104, 't', 'BELLA FLOR', 19),
(140105, 't', 'QUIBA', 19),
(140107, 't', 'BELLA FLOR SUR', 19),
(140109, 't', 'SADEC TRES', 19),
(140110, 't', 'CASALOMA', 19),
(140111, 't', 'LOS TRES REYES', 19),
(140112, 't', 'EL ESPINO', 19),
(140113, 't', 'SANTA BIBIANA', 19),
(140116, 't', 'SADEC DOS', 19),
(140118, 't', 'SADEC UNO', 19),
(140301, 't', 'DIVINO NIÐO - QUIBA', 19),
(140304, 't', 'FINCA EL ROSAL', 19),
(150101, 't', 'EL TINTAL', 8),
(150103, 't', 'PREDIO CALDAS', 9),
(150104, 't', 'EL TINTAL', 9),
(150107, 't', 'EL TINTAL', 8),
(150108, 't', 'EL TINTAL  A.S.D.', 9),
(150111, 't', 'LA PAMPA', 8),
(150201, 't', 'MONTERREY', 8),
(150202, 't', 'DINDALITO', 8),
(150203, 't', 'CAMPO ALEGRE', 8),
(150204, 't', 'LOS ALMENDROS', 8),
(150205, 't', 'PROVIVIENDA OCCIDENTAL', 8),
(150206, 't', 'DINDALITO', 8),
(150207, 't', 'CIUDAD DE CALI', 8),
(150209, 't', 'EL JAZMIN', 8),
(150210, 't', 'OSORIO DIEZ', 7),
(150211, 't', 'OSORIO XI', 8),
(150212, 't', 'OSORIO XII', 8),
(150213, 't', 'CHUCUA DE LA VACA', 8),
(150214, 't', 'BRASIL', 7),
(150215, 't', 'MARGARITAS OCCIDENTAL', 8),
(150216, 't', 'LAS MARGARITAS', 8),
(150218, 't', 'CALANDAIMA', 8),
(150221, 't', 'GALAN', 8),
(150222, 't', 'PARCELA EL PORVENIR', 7),
(150223, 't', 'OSORIO XXIII', 7),
(150224, 't', 'BETANIA', 7),
(150225, 't', 'LAS ACACIAS', 8),
(150272, 't', 'TINTALITO', 8),
(150301, 't', 'SAN ANTONIO', 7),
(150302, 't', 'SANTA FE DE BOSA', 7),
(150303, 't', 'ESCOCIA', 7),
(150304, 't', 'ISLANDIA', 7),
(150306, 't', 'LA INDEPENDENCIA', 7),
(150307, 't', 'LA LIBERTAD', 7),
(150308, 't', 'CANAVERALEJO', 7),
(150309, 't', 'LA CABANA', 7),
(150310, 't', 'VILLAS DEL PROGRESO', 7),
(150313, 't', 'SAN BERNARDINO', 7),
(150314, 't', 'EL CORZO', 7),
(150315, 't', 'CHICO SUR', 7),
(150317, 't', 'SAN BERNARDINO DIECISIETE', 7),
(150318, 't', 'SAN BERNARDINO XVIII', 7),
(150319, 't', 'SAN BERNARDINO XIX', 7),
(150320, 't', 'EL REMANSO', 7),
(150321, 't', 'SAN JOSE', 7),
(150327, 't', 'LAS MARGARITAS', 7),
(150341, 't', 'EL PARAISO', 8),
(150380, 't', 'SAN PEDRO', 7),
(150401, 't', 'EL CHANCO', 9),
(150701, 't', 'CONEJERA', 11),
(160101, 't', 'BOLIVIA', 10),
(160151, 't', 'SN. ANTONIO ENGATIVA', 10),
(160152, 't', 'EL MUELLE', 10),
(160153, 't', 'VILLA DEL MAR', 10),
(160201, 't', 'EL CEDRO A.S.D.', 10),
(160301, 't', 'EL DORADO', 10),
(160302, 't', 'QUINTAS DE STA. BARBARA', 10),
(160402, 't', 'CENTRO ENGATIVA', 10),
(170101, 't', 'EL CAPITOLIO', 11),
(170102, 't', '', 11),
(170107, 't', 'CONEJERA', 11),
(170201, 't', 'CASA BLANCA', 11),
(170601, 't', 'TUNA', 11),
(170701, 't', 'LAS MERCEDES SUBA', 11),
(170801, 't', 'SAN CECILIA', 11),
(170802, 't', 'LISBOA', 11),
(170803, 't', 'TIBABUYES', 11),
(170804, 't', 'SAN PEDRO DE SUBA', 11),
(170805, 't', 'TIBABUYES OCCIDENTAL', 11),
(170806, 't', 'TUNA', 11),
(170901, 't', 'SUBA NARANJOS', 11),
(170902, 't', 'ALTOS DE SUBA', 11),
(180103, 't', 'TORCA', 1),
(180201, 't', 'BUENAVISTA', 1),
(180202, 't', 'ESTRELLITA NORTE', 1),
(180203, 't', 'EL CODITO', 1),
(180204, 't', 'CANAIMA', 1),
(180301, 't', '', 1),
(180401, 't', 'UNICERRO', 1);

INSERT INTO "public"."Categoria_resultado" ("id", "estado", "nombre", "consecutivo_actual") VALUES
(1, 't', 'Actas', 2184),
(2, 't', 'Constancias', 2499),
(3, 't', 'Otros', 323);

INSERT INTO "public"."Ciudad" ("id", "estado", "nombre", "departamento_id_id") VALUES
(427, 't', 'Medellin', 1),
(428, 't', 'Abejorral', 1),
(429, 't', 'Abriaqui', 1),
(430, 't', 'Alejandria', 1),
(431, 't', 'Amaga', 1),
(432, 't', 'Amalfi', 1),
(433, 't', 'Andes', 1),
(434, 't', 'Angelopolis', 1),
(435, 't', 'Angostura', 1),
(436, 't', 'Anori', 1),
(437, 't', 'Antioquia', 1),
(438, 't', 'Anza', 1),
(439, 't', 'Apartado', 1),
(440, 't', 'Arboletes', 1),
(441, 't', 'Argelia', 1),
(442, 't', 'Armenia', 1),
(443, 't', 'Barbosa', 1),
(444, 't', 'Belmira', 1),
(445, 't', 'Bello', 1),
(446, 't', 'Betania', 1),
(447, 't', 'Betulia', 1),
(448, 't', 'Bolivar', 1),
(449, 't', 'Briceño', 1),
(450, 't', 'Buritica', 1),
(451, 't', 'Caceres', 1),
(452, 't', 'Caicedo', 1),
(453, 't', 'Caldas', 1),
(454, 't', 'Campamento', 1),
(455, 't', 'Cañasgordas', 1),
(456, 't', 'Caracoli', 1),
(457, 't', 'Caramanta', 1),
(458, 't', 'Carepa', 1),
(459, 't', 'Carmen De Viboral', 1),
(460, 't', 'Carolina', 1),
(461, 't', 'Caucasia', 1),
(462, 't', 'Chigorodo', 1),
(463, 't', 'Cisneros', 1),
(464, 't', 'Cocorna', 1),
(465, 't', 'Concepcion', 1),
(466, 't', 'Concordia', 1),
(467, 't', 'Copacabana', 1),
(468, 't', 'Dabeiba', 1),
(469, 't', 'Don Matias', 1),
(470, 't', 'Ebejico', 1),
(471, 't', 'El Bagre', 1),
(472, 't', 'Entrerrios', 1),
(473, 't', 'Envigado', 1),
(474, 't', 'Fredonia', 1),
(475, 't', 'Frontino', 1),
(476, 't', 'Giraldo', 1),
(477, 't', 'Girardota', 1),
(478, 't', 'Gomez Plata', 1),
(479, 't', 'Granada', 1),
(480, 't', 'Guadalupe', 1),
(481, 't', 'Guarne', 1),
(482, 't', 'Guatape', 1),
(483, 't', 'Heliconia', 1),
(484, 't', 'Hispania', 1),
(485, 't', 'Itagui', 1),
(486, 't', 'Ituango', 1),
(487, 't', 'Jardin', 1),
(488, 't', 'Jerico', 1),
(489, 't', 'La Ceja', 1),
(490, 't', 'La Estrella', 1),
(491, 't', 'La Pintada', 1),
(492, 't', 'La Union', 1),
(493, 't', 'Liborina', 1),
(494, 't', 'Maceo', 1),
(495, 't', 'Marinilla', 1),
(496, 't', 'Montebello', 1),
(497, 't', 'Murindo', 1),
(498, 't', 'Mutata', 1),
(499, 't', 'Nariño', 1),
(500, 't', 'Necocli', 1),
(501, 't', 'Nechi', 1),
(502, 't', 'Olaya', 1),
(503, 't', 'Peñol', 1),
(504, 't', 'Peque', 1),
(505, 't', 'Pueblorrico', 1),
(506, 't', 'Puerto Berrio', 1),
(507, 't', 'Puerto Nare ', 1),
(508, 't', 'Puerto Triunfo', 1),
(509, 't', 'Remedios', 1),
(510, 't', 'Retiro', 1),
(511, 't', 'Rionegro', 1),
(512, 't', 'Sabanalarga', 1),
(513, 't', 'Sabaneta', 1),
(514, 't', 'Salgar', 1),
(515, 't', 'San Andres', 1),
(516, 't', 'San Carlos', 1),
(517, 't', 'San Francisco', 1),
(518, 't', 'San Jeronimo', 1),
(519, 't', 'San Jose De La Montaña', 1),
(520, 't', 'San Juan De Uraba', 1),
(521, 't', 'San Luis', 1),
(522, 't', 'San Pedro', 1),
(523, 't', 'San Pedro De Uraba', 1),
(524, 't', 'San Rafael', 1),
(525, 't', 'San Roque', 1),
(526, 't', 'San Vicente', 1),
(527, 't', 'Santa Barbara', 1),
(528, 't', 'Santa Rosa De Osos', 1),
(529, 't', 'Santo Domingo', 1),
(530, 't', 'Santuario', 1),
(531, 't', 'Segovia', 1),
(532, 't', 'Sonson', 1),
(533, 't', 'Sopetran', 1),
(534, 't', 'Tamesis', 1),
(535, 't', 'Taraza', 1),
(536, 't', 'Tarso', 1),
(537, 't', 'Titiribi', 1),
(538, 't', 'Toledo', 1),
(539, 't', 'Turbo', 1),
(540, 't', 'Uramita', 1),
(541, 't', 'Urrao', 1),
(542, 't', 'Valdivia', 1),
(543, 't', 'Valparaiso', 1),
(544, 't', 'Vegachi', 1),
(545, 't', 'Venecia', 1),
(546, 't', 'Vigia Del Fuerte', 1),
(547, 't', 'Yali', 1),
(548, 't', 'Yarumal', 1),
(549, 't', 'Yolombo', 1),
(550, 't', 'Yondo', 1),
(551, 't', 'Zaragoza', 1),
(552, 't', 'Barranquilla ', 2),
(553, 't', 'Baranoa', 2),
(554, 't', 'Campo De La Cruz', 2),
(555, 't', 'Candelaria', 2),
(556, 't', 'Galapa', 2),
(557, 't', 'Juan De Acosta', 2),
(558, 't', 'Luruaco', 2),
(559, 't', 'Malambo', 2),
(560, 't', 'Manati', 2),
(561, 't', 'Palmar De Varela', 2),
(562, 't', 'Piojo', 2),
(563, 't', 'Polo Nuevo', 2),
(564, 't', 'Ponedera', 2),
(565, 't', 'Puerto Colombia', 2),
(566, 't', 'Repelon', 2),
(567, 't', 'Sabanagrande', 2),
(568, 't', 'Sabanalarga', 2),
(569, 't', 'Santa Lucia', 2),
(570, 't', 'Santo Tomas', 2),
(571, 't', 'Soledad', 2),
(572, 't', 'Suan', 2),
(573, 't', 'Tubara', 2),
(574, 't', 'Usiacuri', 2),
(575, 't', 'Bogota D.C', 3),
(576, 't', 'Cartagena ', 4),
(577, 't', 'Achi', 4),
(578, 't', 'Altos Del Rosario', 4),
(579, 't', 'Arenal', 4),
(580, 't', 'Arjona', 4),
(581, 't', 'Arroyohondo', 4),
(582, 't', 'Barranco De Loba', 4),
(583, 't', 'Calamar', 4),
(584, 't', 'Cantagallo', 4),
(585, 't', 'Cicuco', 4),
(586, 't', 'Cordoba', 4),
(587, 't', 'Clemencia', 4),
(588, 't', 'El Carmen De Bolivar', 4),
(589, 't', 'El Guamo', 4),
(590, 't', 'El Peñon', 4),
(591, 't', 'Hatillo De Loba', 4),
(592, 't', 'Magangue', 4),
(593, 't', 'Mahates', 4),
(594, 't', 'Margarita', 4),
(595, 't', 'Maria La Baja', 4),
(596, 't', 'Montecristo', 4),
(597, 't', 'Mompos', 4),
(598, 't', 'Morales', 4),
(599, 't', 'Pinillos', 4),
(600, 't', 'Regidor', 4),
(601, 't', 'Rio Viejo', 4),
(602, 't', 'San Cristobal', 4),
(603, 't', 'San Estanislao', 4),
(604, 't', 'San Fernando', 4),
(605, 't', 'San Jacinto', 4),
(606, 't', 'San Jacinto Del Cauca', 4),
(607, 't', 'San Juan Nepomuceno', 4),
(608, 't', 'San Martin De Loba', 4),
(609, 't', 'San Pablo', 4),
(610, 't', 'Santa Catalina', 4),
(611, 't', 'Santa Rosa', 4),
(612, 't', 'Santa Rosa Del Sur', 4),
(613, 't', 'Simiti', 4),
(614, 't', 'Soplaviento', 4),
(615, 't', 'Talaigua Nuevo', 4),
(616, 't', 'Tiquisio ', 4),
(617, 't', 'Turbaco', 4),
(618, 't', 'Turbana', 4),
(619, 't', 'Villanueva', 4),
(620, 't', 'Zambrano', 4),
(621, 't', 'Tunja', 5),
(622, 't', 'Almeida', 5),
(623, 't', 'Aquitania', 5),
(624, 't', 'Arcabuco', 5),
(625, 't', 'Belen', 5),
(626, 't', 'Berbeo', 5),
(627, 't', 'Beteitiva', 5),
(628, 't', 'Boavita', 5),
(629, 't', 'Boyaca', 5),
(630, 't', 'Briceño', 5),
(631, 't', 'Buenavista', 5),
(632, 't', 'Busbanza', 5),
(633, 't', 'Caldas', 5),
(634, 't', 'Campohermoso', 5),
(635, 't', 'Cerinza', 5),
(636, 't', 'Chinavita', 5),
(637, 't', 'Chiquinquira', 5),
(638, 't', 'Chiscas', 5),
(639, 't', 'Chita', 5),
(640, 't', 'Chitaraque', 5),
(641, 't', 'Chivata', 5),
(642, 't', 'Cienega', 5),
(643, 't', 'Combita', 5),
(644, 't', 'Coper', 5),
(645, 't', 'Corrales', 5),
(646, 't', 'Covarachia', 5),
(647, 't', 'Cubara', 5),
(648, 't', 'Cucaita', 5),
(649, 't', 'Cuitiva', 5),
(650, 't', 'Chiquiza', 5),
(651, 't', 'Chivor', 5),
(652, 't', 'Duitama', 5),
(653, 't', 'El Cocuy', 5),
(654, 't', 'El Espino', 5),
(655, 't', 'Firavitoba', 5),
(656, 't', 'Floresta', 5),
(657, 't', 'Gachantiva', 5),
(658, 't', 'Gameza', 5),
(659, 't', 'Garagoa', 5),
(660, 't', 'Guacamayas', 5),
(661, 't', 'Guateque', 5),
(662, 't', 'Guayata', 5),
(663, 't', 'Guican', 5),
(664, 't', 'Iza', 5),
(665, 't', 'Jenesano', 5),
(666, 't', 'Jerico', 5),
(667, 't', 'Labranzagrande', 5),
(668, 't', 'La Capilla', 5),
(669, 't', 'La Victoria', 5),
(670, 't', 'La Uvita', 5),
(671, 't', 'Villa De Leiva', 5),
(672, 't', 'Macanal', 5),
(673, 't', 'Maripi', 5),
(674, 't', 'Miraflores', 5),
(675, 't', 'Mongua', 5),
(676, 't', 'Mongui', 5),
(677, 't', 'Moniquira', 5),
(678, 't', 'Motavita', 5),
(679, 't', 'Muzo', 5),
(680, 't', 'Nobsa', 5),
(681, 't', 'Nuevo Colon', 5),
(682, 't', 'Oicata', 5),
(683, 't', 'Otanche', 5),
(684, 't', 'Pachavita', 5),
(685, 't', 'Paez', 5),
(686, 't', 'Paipa', 5),
(687, 't', 'Pajarito', 5),
(688, 't', 'Panqueba', 5),
(689, 't', 'Pauna', 5),
(690, 't', 'Paya', 5),
(691, 't', 'Paz Del Rio', 5),
(692, 't', 'Pesca', 5),
(693, 't', 'Pisba', 5),
(694, 't', 'Puerto Boyaca', 5),
(695, 't', 'Quipama', 5),
(696, 't', 'Ramiriqui', 5),
(697, 't', 'Raquira', 5),
(698, 't', 'Rondon', 5),
(699, 't', 'Saboya', 5),
(700, 't', 'Sachica', 5),
(701, 't', 'Samaca', 5),
(702, 't', 'San Eduardo', 5),
(703, 't', 'San Jose De Pare', 5),
(704, 't', 'San Luis De Gaceno', 5),
(705, 't', 'San Mateo', 5),
(706, 't', 'San Miguel De Sema', 5),
(707, 't', 'San Pablo De Borbur', 5),
(708, 't', 'Santana', 5),
(709, 't', 'Santa Maria', 5),
(710, 't', 'Santa Rosa De Viterbo', 5),
(711, 't', 'Santa Sofia', 5),
(712, 't', 'Sativanorte', 5),
(713, 't', 'Sativasur', 5),
(714, 't', 'Siachoque', 5),
(715, 't', 'Soata', 5),
(716, 't', 'Socota', 5),
(717, 't', 'Socha', 5),
(718, 't', 'Sogamoso', 5),
(719, 't', 'Somondoco', 5),
(720, 't', 'Sora', 5),
(721, 't', 'Sotaquira', 5),
(722, 't', 'Soraca', 5),
(723, 't', 'Susacon', 5),
(724, 't', 'Sutamarchan', 5),
(725, 't', 'Sutatenza', 5),
(726, 't', 'Tasco', 5),
(727, 't', 'Tenza', 5),
(728, 't', 'Tibana', 5),
(729, 't', 'Tibasosa', 5),
(730, 't', 'Tinjaca', 5),
(731, 't', 'Tipacoque', 5),
(732, 't', 'Toca', 5),
(733, 't', 'Togui', 5),
(734, 't', 'Topaga', 5),
(735, 't', 'Tota', 5),
(736, 't', 'Tunungua', 5),
(737, 't', 'Turmeque', 5),
(738, 't', 'Tuta', 5),
(739, 't', 'Tutasa', 5),
(740, 't', 'Umbita', 5),
(741, 't', 'Ventaquemada', 5),
(742, 't', 'Viracacha', 5),
(743, 't', 'Zetaquira', 5),
(744, 't', 'Manizales', 6),
(745, 't', 'Aguadas', 6),
(746, 't', 'Anserma', 6),
(747, 't', 'Aranzazu', 6),
(748, 't', 'Belalcazar', 6),
(749, 't', 'Chinchina', 6),
(750, 't', 'Filadelfia', 6),
(751, 't', 'La Dorada', 6),
(752, 't', 'La Merced', 6),
(753, 't', 'Manzanares', 6),
(754, 't', 'Marmato', 6),
(755, 't', 'Marquetalia', 6),
(756, 't', 'Marulanda', 6),
(757, 't', 'Neira', 6),
(758, 't', 'Norcasia', 6),
(759, 't', 'Pacora', 6),
(760, 't', 'Palestina', 6),
(761, 't', 'Pensilvania', 6),
(762, 't', 'Riosucio', 6),
(763, 't', 'Risaralda', 6),
(764, 't', 'Salamina', 6),
(765, 't', 'Samana', 6),
(766, 't', 'San Jose', 6),
(767, 't', 'Supia', 6),
(768, 't', 'Victoria', 6),
(769, 't', 'Villamaria', 6),
(770, 't', 'Viterbo', 6),
(771, 't', 'Florencia', 7),
(772, 't', 'Albania', 7),
(773, 't', 'Belen De Los Andaquies', 7),
(774, 't', 'Cartagena Del Chaira', 7),
(775, 't', 'Curillo', 7),
(776, 't', 'El Doncello', 7),
(777, 't', 'El Paujil', 7),
(778, 't', 'La Montañita', 7),
(779, 't', 'Milan', 7),
(780, 't', 'Morelia', 7),
(781, 't', 'Puerto Rico', 7),
(782, 't', 'San Jose De Fragua', 7),
(783, 't', 'San Vicente Del Caguan', 7),
(784, 't', 'Solano', 7),
(785, 't', 'Solita', 7),
(786, 't', 'Valparaiso', 7),
(787, 't', 'Popayan', 8),
(788, 't', 'Almaguer', 8),
(789, 't', 'Argelia', 8),
(790, 't', 'Balboa', 8),
(791, 't', 'Bolivar', 8),
(792, 't', 'Buenos Aires', 8),
(793, 't', 'Cajibio', 8),
(794, 't', 'Caldono', 8),
(795, 't', 'Caloto', 8),
(796, 't', 'Corinto', 8),
(797, 't', 'El Tambo', 8),
(798, 't', 'Florencia', 8),
(799, 't', 'Guapi', 8),
(800, 't', 'Inza', 8),
(801, 't', 'Jambalo', 8),
(802, 't', 'La Sierra', 8),
(803, 't', 'La Vega', 8),
(804, 't', 'Lopez ', 8),
(805, 't', 'Mercaderes', 8),
(806, 't', 'Miranda', 8),
(807, 't', 'Morales', 8),
(808, 't', 'Padilla', 8),
(809, 't', 'Paez ', 8),
(810, 't', 'Patia ', 8),
(811, 't', 'Piamonte', 8),
(812, 't', 'Piendamo', 8),
(813, 't', 'Puerto Tejada', 8),
(814, 't', 'Purace ', 8),
(815, 't', 'Rosas', 8),
(816, 't', 'San Sebastian', 8),
(817, 't', 'Santander De Quilichao', 8),
(818, 't', 'Santa Rosa', 8),
(819, 't', 'Silvia', 8),
(820, 't', 'Sotara ', 8),
(821, 't', 'Suarez', 8),
(822, 't', 'Timbio', 8),
(823, 't', 'Timbiqui', 8),
(824, 't', 'Toribio', 8),
(825, 't', 'Totoro', 8),
(826, 't', 'Villarica', 8),
(827, 't', 'Valledupar', 9),
(828, 't', 'Aguachica', 9),
(829, 't', 'Agustin Codazzi', 9),
(830, 't', 'Astrea', 9),
(831, 't', 'Becerril', 9),
(832, 't', 'Bosconia', 9),
(833, 't', 'Chimichagua', 9),
(834, 't', 'Chiriguana', 9),
(835, 't', 'Curumani', 9),
(836, 't', 'El Copey', 9),
(837, 't', 'El Paso', 9),
(838, 't', 'Gamarra', 9),
(839, 't', 'Gonzalez', 9),
(840, 't', 'La Gloria', 9),
(841, 't', 'La Jagua Ibirico', 9),
(842, 't', 'Manaure ', 9),
(843, 't', 'Pailitas', 9),
(844, 't', 'Pelaya', 9),
(845, 't', 'Pueblo Bello', 9),
(846, 't', 'Rio De Oro', 9),
(847, 't', 'La Paz ', 9),
(848, 't', 'San Alberto', 9),
(849, 't', 'San Diego', 9),
(850, 't', 'San Martin', 9),
(851, 't', 'Tamalameque', 9),
(852, 't', 'Monteria', 10),
(853, 't', 'Ayapel', 10),
(854, 't', 'Buenavista', 10),
(855, 't', 'Canalete', 10),
(856, 't', 'Cerete', 10),
(857, 't', 'Chima', 10),
(858, 't', 'Chinu', 10),
(859, 't', 'Cienaga De Oro', 10),
(860, 't', 'Cotorra', 10),
(861, 't', 'La Apartada', 10),
(862, 't', 'Lorica', 10),
(863, 't', 'Los Cordobas', 10),
(864, 't', 'Momil', 10),
(865, 't', 'Montelibano', 10),
(866, 't', 'Moñitos', 10),
(867, 't', 'Planeta Rica', 10),
(868, 't', 'Pueblo Nuevo', 10),
(869, 't', 'Puerto Escondido', 10),
(870, 't', 'Puerto Libertador', 10),
(871, 't', 'Purisima', 10),
(872, 't', 'Sahagun', 10),
(873, 't', 'San Andres Sotavento', 10),
(874, 't', 'San Antero', 10),
(875, 't', 'San Bernardo Del Viento', 10),
(876, 't', 'San Carlos', 10),
(877, 't', 'San Pelayo', 10),
(878, 't', 'Tierralta', 10),
(879, 't', 'Valencia', 10),
(880, 't', 'Agua De Dios', 11),
(881, 't', 'Alban', 11),
(882, 't', 'Anapoima', 11),
(883, 't', 'Anolaima', 11),
(884, 't', 'Arbelaez', 11),
(885, 't', 'Beltran', 11),
(886, 't', 'Bituima', 11),
(887, 't', 'Bojaca', 11),
(888, 't', 'Cabrera', 11),
(889, 't', 'Cachipay', 11),
(890, 't', 'Cajica', 11),
(891, 't', 'Caparrapi', 11),
(892, 't', 'Caqueza', 11),
(893, 't', 'Carmen De Carupa', 11),
(894, 't', 'Chaguani', 11),
(895, 't', 'Chia', 11),
(896, 't', 'Chipaque', 11),
(897, 't', 'Choachi', 11),
(898, 't', 'Choconta', 11),
(899, 't', 'Cogua', 11),
(900, 't', 'Cota', 11),
(901, 't', 'Cucunuba', 11),
(902, 't', 'El Colegio', 11),
(903, 't', 'El Peñon', 11),
(904, 't', 'El Rosal', 11),
(905, 't', 'Facatativa', 11),
(906, 't', 'Fomeque', 11),
(907, 't', 'Fosca', 11),
(908, 't', 'Funza', 11),
(909, 't', 'Fuquene', 11),
(910, 't', 'Fusagasuga', 11),
(911, 't', 'Gachala', 11),
(912, 't', 'Gachancipa', 11),
(913, 't', 'Gacheta', 11),
(914, 't', 'Gama', 11),
(915, 't', 'Girardot', 11),
(916, 't', 'Granada', 11),
(917, 't', 'Guacheta', 11),
(918, 't', 'Guaduas', 11),
(919, 't', 'Guasca', 11),
(920, 't', 'Guataqui', 11),
(921, 't', 'Guatavita', 11),
(922, 't', 'Guayabal De Siquima', 11),
(923, 't', 'Guayabetal', 11),
(924, 't', 'Gutierrez', 11),
(925, 't', 'Jerusalen', 11),
(926, 't', 'Junin', 11);

INSERT INTO "public"."Ciudad" ("id", "estado", "nombre", "departamento_id_id") VALUES
(927, 't', 'La Calera', 11),
(928, 't', 'La Mesa', 11),
(929, 't', 'La Palma', 11),
(930, 't', 'La Peña', 11),
(931, 't', 'La Vega', 11),
(932, 't', 'Lenguazaque', 11),
(933, 't', 'Macheta', 11),
(934, 't', 'Madrid', 11),
(935, 't', 'Manta', 11),
(936, 't', 'Medina', 11),
(937, 't', 'Mosquera', 11),
(938, 't', 'Nariño', 11),
(939, 't', 'Nemocon', 11),
(940, 't', 'Nilo', 11),
(941, 't', 'Nimaima', 11),
(942, 't', 'Nocaima', 11),
(943, 't', 'Venecia ', 11),
(944, 't', 'Pacho', 11),
(945, 't', 'Paime', 11),
(946, 't', 'Pandi', 11),
(947, 't', 'Paratebueno', 11),
(948, 't', 'Pasca', 11),
(949, 't', 'Puerto Salgar', 11),
(950, 't', 'Puli', 11),
(951, 't', 'Quebradanegra', 11),
(952, 't', 'Quetame', 11),
(953, 't', 'Quipile', 11),
(954, 't', 'Apulo ', 11),
(955, 't', 'Ricaurte', 11),
(956, 't', 'San Antonio Del Tequendama', 11),
(957, 't', 'San Bernardo', 11),
(958, 't', 'San Cayetano', 11),
(959, 't', 'San Francisco', 11),
(960, 't', 'San Juan De Rioseco', 11),
(961, 't', 'Sasaima', 11),
(962, 't', 'Sesquile', 11),
(963, 't', 'Sibate', 11),
(964, 't', 'Silvania', 11),
(965, 't', 'Simijaca', 11),
(966, 't', 'Soacha', 11),
(967, 't', 'Sopo', 11),
(968, 't', 'Subachoque', 11),
(969, 't', 'Suesca', 11),
(970, 't', 'Supata', 11),
(971, 't', 'Susa', 11),
(972, 't', 'Sutatausa', 11),
(973, 't', 'Tabio', 11),
(974, 't', 'Tausa', 11),
(975, 't', 'Tena', 11),
(976, 't', 'Tenjo', 11),
(977, 't', 'Tibacuy', 11),
(978, 't', 'Tibirita', 11),
(979, 't', 'Tocaima', 11),
(980, 't', 'Tocancipa', 11),
(981, 't', 'Topaipi', 11),
(982, 't', 'Ubala', 11),
(983, 't', 'Ubaque', 11),
(984, 't', 'Ubate', 11),
(985, 't', 'Une', 11),
(986, 't', 'Utica', 11),
(987, 't', 'Vergara', 11),
(988, 't', 'Viani', 11),
(989, 't', 'Villagomez', 11),
(990, 't', 'Villapinzon', 11),
(991, 't', 'Villeta', 11),
(992, 't', 'Viota', 11),
(993, 't', 'Yacopi', 11),
(994, 't', 'Zipacon', 11),
(995, 't', 'Zipaquira', 11),
(996, 't', 'Quibdo ', 12),
(997, 't', 'Acandi', 12),
(998, 't', 'Alto Baudo ', 12),
(999, 't', 'Atrato', 12),
(1000, 't', 'Bagado', 12),
(1001, 't', 'Bahia Solano ', 12),
(1002, 't', 'Bajo Baudo ', 12),
(1003, 't', 'Bojaya ', 12),
(1004, 't', 'Canton De San Pablo ', 12),
(1005, 't', 'Condoto', 12),
(1006, 't', 'El Carmen De Atrato', 12),
(1007, 't', 'Litoral Del Bajo San Juan ', 12),
(1008, 't', 'Istmina', 12),
(1009, 't', 'Jurado', 12),
(1010, 't', 'Lloro', 12),
(1011, 't', 'Medio Atrato', 12),
(1012, 't', 'Medio Baudo', 12),
(1013, 't', 'Novita', 12),
(1014, 't', 'Nuqui', 12),
(1015, 't', 'Rioquito', 12),
(1016, 't', 'Riosucio', 12),
(1017, 't', 'San Jose Del Palmar', 12),
(1018, 't', 'Sipi', 12),
(1019, 't', 'Tado', 12),
(1020, 't', 'Unguia', 12),
(1021, 't', 'Union Panamericana', 12),
(1022, 't', 'Neiva', 13),
(1023, 't', 'Acevedo', 13),
(1024, 't', 'Agrado', 13),
(1025, 't', 'Aipe', 13),
(1026, 't', 'Algeciras', 13),
(1027, 't', 'Altamira', 13),
(1028, 't', 'Baraya', 13),
(1029, 't', 'Campoalegre', 13),
(1030, 't', 'Colombia', 13),
(1031, 't', 'Elias', 13),
(1032, 't', 'Garzon', 13),
(1033, 't', 'Gigante', 13),
(1034, 't', 'Guadalupe', 13),
(1035, 't', 'Hobo', 13),
(1036, 't', 'Iquira', 13),
(1037, 't', 'Isnos ', 13),
(1038, 't', 'La Argentina', 13),
(1039, 't', 'La Plata', 13),
(1040, 't', 'Nataga', 13),
(1041, 't', 'Oporapa', 13),
(1042, 't', 'Paicol', 13),
(1043, 't', 'Palermo', 13),
(1044, 't', 'Palestina', 13),
(1045, 't', 'Pital', 13),
(1046, 't', 'Pitalito', 13),
(1047, 't', 'Rivera', 13),
(1048, 't', 'Saladoblanco', 13),
(1049, 't', 'San Agustin', 13),
(1050, 't', 'Santa Maria', 13),
(1051, 't', 'Suaza', 13),
(1052, 't', 'Tarqui', 13),
(1053, 't', 'Tesalia', 13),
(1054, 't', 'Tello', 13),
(1055, 't', 'Teruel', 13),
(1056, 't', 'Timana', 13),
(1057, 't', 'Villavieja', 13),
(1058, 't', 'Yaguara', 13),
(1059, 't', 'Riohacha', 14),
(1060, 't', 'Barrancas', 14),
(1061, 't', 'Dibulla', 14),
(1062, 't', 'Distraccion', 14),
(1063, 't', 'El Molino', 14),
(1064, 't', 'Fonseca', 14),
(1065, 't', 'Hatonuevo', 14),
(1066, 't', 'La Jagua Del Pilar', 14),
(1067, 't', 'Maicao', 14),
(1068, 't', 'Manaure', 14),
(1069, 't', 'San Juan Del Cesar', 14),
(1070, 't', 'Uribia', 14),
(1071, 't', 'Urumita', 14),
(1072, 't', 'Villanueva', 14),
(1073, 't', 'Santa Marta ', 15),
(1074, 't', 'Algarrobo', 15),
(1075, 't', 'Aracataca', 15),
(1076, 't', 'Ariguani ', 15),
(1077, 't', 'Cerro San Antonio', 15),
(1078, 't', 'Chivolo', 15),
(1079, 't', 'Cienaga', 15),
(1080, 't', 'Concordia', 15),
(1081, 't', 'El Banco', 15),
(1082, 't', 'El Piñon', 15),
(1083, 't', 'El Reten', 15),
(1084, 't', 'Fundacion', 15),
(1085, 't', 'Guamal', 15),
(1086, 't', 'Pedraza', 15),
(1087, 't', 'Pijiño Del Carmen ', 15),
(1088, 't', 'Pivijay', 15),
(1089, 't', 'Plato', 15),
(1090, 't', 'Puebloviejo', 15),
(1091, 't', 'Remolino', 15),
(1092, 't', 'Sabanas De San Angel', 15),
(1093, 't', 'Salamina', 15),
(1094, 't', 'San Sebastian De Buenavista', 15),
(1095, 't', 'San Zenon', 15),
(1096, 't', 'Santa Ana', 15),
(1097, 't', 'Sitionuevo', 15),
(1098, 't', 'Tenerife', 15),
(1099, 't', 'Villavicencio', 16),
(1100, 't', 'Acacias', 16),
(1101, 't', 'Barranca De Upia', 16),
(1102, 't', 'Cabuyaro', 16),
(1103, 't', 'Castilla La Nueva', 16),
(1104, 't', 'San Luis De Cubarral', 16),
(1105, 't', 'Cumaral', 16),
(1106, 't', 'El Calvario', 16),
(1107, 't', 'El Castillo', 16),
(1108, 't', 'El Dorado', 16),
(1109, 't', 'Fuente De Oro', 16),
(1110, 't', 'Granada', 16),
(1111, 't', 'Guamal', 16),
(1112, 't', 'Mapiripan', 16),
(1113, 't', 'Mesetas', 16),
(1114, 't', 'La Macarena', 16),
(1115, 't', 'La Uribe', 16),
(1116, 't', 'Lejanias', 16),
(1117, 't', 'Puerto Concordia', 16),
(1118, 't', 'Puerto Gaitan', 16),
(1119, 't', 'Puerto Lopez', 16),
(1120, 't', 'Puerto Lleras', 16),
(1121, 't', 'Puerto Rico', 16),
(1122, 't', 'Restrepo', 16),
(1123, 't', 'San Carlos De Guaroa', 16),
(1124, 't', 'San Juan De Arama', 16),
(1125, 't', 'San Juanito', 16),
(1126, 't', 'San Martin', 16),
(1127, 't', 'Vistahermosa', 16),
(1128, 't', 'Pasto ', 17),
(1129, 't', 'Alban ', 17),
(1130, 't', 'Aldana', 17),
(1131, 't', 'Ancuya', 17),
(1132, 't', 'Arboleda ', 17),
(1133, 't', 'Barbacoas', 17),
(1134, 't', 'Belen', 17),
(1135, 't', 'Buesaco', 17),
(1136, 't', 'Colon ', 17),
(1137, 't', 'Consaca', 17),
(1138, 't', 'Contadero', 17),
(1139, 't', 'Cordoba', 17),
(1140, 't', 'Cuaspud ', 17),
(1141, 't', 'Cumbal', 17),
(1142, 't', 'Cumbitara', 17),
(1143, 't', 'Chachagui', 17),
(1144, 't', 'El Charco', 17),
(1145, 't', 'El Peñol', 17),
(1146, 't', 'El Rosario', 17),
(1147, 't', 'El Tablon', 17),
(1148, 't', 'El Tambo', 17),
(1149, 't', 'Funes', 17),
(1150, 't', 'Guachucal', 17),
(1151, 't', 'Guaitarilla', 17),
(1152, 't', 'Gualmatan', 17),
(1153, 't', 'Iles', 17),
(1154, 't', 'Imues', 17),
(1155, 't', 'Ipiales', 17),
(1156, 't', 'La Cruz', 17),
(1157, 't', 'La Florida', 17),
(1158, 't', 'La Llanada', 17),
(1159, 't', 'La Tola', 17),
(1160, 't', 'La Union', 17),
(1161, 't', 'Leiva', 17),
(1162, 't', 'Linares', 17),
(1163, 't', 'Los Andes ', 17),
(1164, 't', 'Magui ', 17),
(1165, 't', 'Mallama ', 17),
(1166, 't', 'Mosquera', 17),
(1167, 't', 'Olaya Herrera ', 17),
(1168, 't', 'Ospina', 17),
(1169, 't', 'Francisco Pizarro ', 17),
(1170, 't', 'Policarpa', 17),
(1171, 't', 'Potosi', 17),
(1172, 't', 'Providencia', 17),
(1173, 't', 'Puerres', 17),
(1174, 't', 'Pupiales', 17),
(1175, 't', 'Ricaurte', 17),
(1176, 't', 'Roberto Payan ', 17),
(1177, 't', 'Samaniego', 17),
(1178, 't', 'Sandona', 17),
(1179, 't', 'San Bernardo', 17),
(1180, 't', 'San Lorenzo', 17),
(1181, 't', 'San Pablo', 17),
(1182, 't', 'San Pedro De Cartago', 17),
(1183, 't', 'Santa Barbara ', 17),
(1184, 't', 'Santa Cruz ', 17),
(1185, 't', 'Sapuyes', 17),
(1186, 't', 'Taminango', 17),
(1187, 't', 'Tangua', 17),
(1188, 't', 'Tumaco', 17),
(1189, 't', 'Tuquerres', 17),
(1190, 't', 'Yacuanquer', 17),
(1191, 't', 'Cucuta', 18),
(1192, 't', 'Abrego', 18),
(1193, 't', 'Arboledas', 18),
(1194, 't', 'Bochalema', 18),
(1195, 't', 'Bucarasica', 18),
(1196, 't', 'Cacota', 18),
(1197, 't', 'Cachira', 18),
(1198, 't', 'Chinacota', 18),
(1199, 't', 'Chitaga', 18),
(1200, 't', 'Convencion', 18),
(1201, 't', 'Cucutilla', 18),
(1202, 't', 'Durania', 18),
(1203, 't', 'El Carmen', 18),
(1204, 't', 'El Tarra', 18),
(1205, 't', 'El Zulia', 18),
(1206, 't', 'Gramalote', 18),
(1207, 't', 'Hacari', 18),
(1208, 't', 'Herran', 18),
(1209, 't', 'Labateca', 18),
(1210, 't', 'La Esperanza', 18),
(1211, 't', 'La Playa', 18),
(1212, 't', 'Los Patios', 18),
(1213, 't', 'Lourdes', 18),
(1214, 't', 'Mutiscua', 18),
(1215, 't', 'Ocaña', 18),
(1216, 't', 'Pamplona', 18),
(1217, 't', 'Pamplonita', 18),
(1218, 't', 'Puerto Santander', 18),
(1219, 't', 'Ragonvalia', 18),
(1220, 't', 'Salazar', 18),
(1221, 't', 'San Calixto', 18),
(1222, 't', 'San Cayetano', 18),
(1223, 't', 'Santiago', 18),
(1224, 't', 'Sardinata', 18),
(1225, 't', 'Silos', 18),
(1226, 't', 'Teorama', 18),
(1227, 't', 'Tibu', 18),
(1228, 't', 'Toledo', 18),
(1229, 't', 'Villacaro', 18),
(1230, 't', 'Villa Del Rosario', 18),
(1231, 't', 'Armenia', 19),
(1232, 't', 'Buenavista', 19),
(1233, 't', 'Calarca', 19),
(1234, 't', 'Circasia', 19),
(1235, 't', 'Cordoba', 19),
(1236, 't', 'Filandia', 19),
(1237, 't', 'Genova', 19),
(1238, 't', 'La Tebaida', 19),
(1239, 't', 'Montenegro', 19),
(1240, 't', 'Pijao', 19),
(1241, 't', 'Quimbaya', 19),
(1242, 't', 'Salento', 19),
(1243, 't', 'Pereira', 20),
(1244, 't', 'Apia', 20),
(1245, 't', 'Balboa', 20),
(1246, 't', 'Belen De Umbria', 20),
(1247, 't', 'Dos Quebradas', 20),
(1248, 't', 'Guatica', 20),
(1249, 't', 'La Celia', 20),
(1250, 't', 'La Virginia', 20),
(1251, 't', 'Marsella', 20),
(1252, 't', 'Mistrato', 20),
(1253, 't', 'Pueblo Rico', 20),
(1254, 't', 'Quinchia', 20),
(1255, 't', 'Santa Rosa De Cabal', 20),
(1256, 't', 'Santuario', 20),
(1257, 't', 'Bucaramanga', 21),
(1258, 't', 'Aguada', 21),
(1259, 't', 'Albania', 21),
(1260, 't', 'Aratoca', 21),
(1261, 't', 'Barbosa', 21),
(1262, 't', 'Barichara', 21),
(1263, 't', 'Barrancabermeja', 21),
(1264, 't', 'Betulia', 21),
(1265, 't', 'Bolivar', 21),
(1266, 't', 'Cabrera', 21),
(1267, 't', 'California', 21),
(1268, 't', 'Capitanejo', 21),
(1269, 't', 'Carcasi', 21),
(1270, 't', 'Cepita', 21),
(1271, 't', 'Cerrito', 21),
(1272, 't', 'Charala', 21),
(1273, 't', 'Charta', 21),
(1274, 't', 'Chima', 21),
(1275, 't', 'Chipata', 21),
(1276, 't', 'Cimitarra', 21),
(1277, 't', 'Concepcion', 21),
(1278, 't', 'Confines', 21),
(1279, 't', 'Contratacion', 21),
(1280, 't', 'Coromoro', 21),
(1281, 't', 'Curiti', 21),
(1282, 't', 'El Carmen De Chucury', 21),
(1283, 't', 'El Guacamayo', 21),
(1284, 't', 'El Peñon', 21),
(1285, 't', 'El Playon', 21),
(1286, 't', 'Encino', 21),
(1287, 't', 'Enciso', 21),
(1288, 't', 'Florian', 21),
(1289, 't', 'Floridablanca', 21),
(1290, 't', 'Galan', 21),
(1291, 't', 'Gambita', 21),
(1292, 't', 'Giron', 21),
(1293, 't', 'Guaca', 21),
(1294, 't', 'Guadalupe', 21),
(1295, 't', 'Guapota', 21),
(1296, 't', 'Guavata', 21),
(1297, 't', 'Guepsa', 21),
(1298, 't', 'Hato', 21),
(1299, 't', 'Jesus Maria', 21),
(1300, 't', 'Jordan', 21),
(1301, 't', 'La Belleza', 21),
(1302, 't', 'Landazuri', 21),
(1303, 't', 'La Paz', 21),
(1304, 't', 'Lebrija', 21),
(1305, 't', 'Los Santos', 21),
(1306, 't', 'Macaravita', 21),
(1307, 't', 'Malaga', 21),
(1308, 't', 'Matanza', 21),
(1309, 't', 'Mogotes', 21),
(1310, 't', 'Molagavita', 21),
(1311, 't', 'Ocamonte', 21),
(1312, 't', 'Oiba', 21),
(1313, 't', 'Onzaga', 21),
(1314, 't', 'Palmar', 21),
(1315, 't', 'Palmas Del Socorro', 21),
(1316, 't', 'Paramo', 21),
(1317, 't', 'Piedecuesta', 21),
(1318, 't', 'Pinchote', 21),
(1319, 't', 'Puente Nacional', 21),
(1320, 't', 'Puerto Parra', 21),
(1321, 't', 'Puerto Wilches', 21),
(1322, 't', 'Rionegro', 21),
(1323, 't', 'Sabana De Torres', 21),
(1324, 't', 'San Andres', 21),
(1325, 't', 'San Benito', 21),
(1326, 't', 'San Gil', 21),
(1327, 't', 'San Joaquin', 21),
(1328, 't', 'San Jose De Miranda', 21),
(1329, 't', 'San Miguel', 21),
(1330, 't', 'San Vicente De Chucuri', 21),
(1331, 't', 'Santa Barbara', 21),
(1332, 't', 'Santa Helena Del Opon', 21),
(1333, 't', 'Simacota', 21),
(1334, 't', 'Socorro', 21),
(1335, 't', 'Suaita', 21),
(1336, 't', 'Sucre', 21),
(1337, 't', 'Surata', 21),
(1338, 't', 'Tona', 21),
(1339, 't', 'Valle San Jose', 21),
(1340, 't', 'Velez', 21),
(1341, 't', 'Vetas', 21),
(1342, 't', 'Villanueva', 21),
(1343, 't', 'Zapatoca', 21),
(1344, 't', 'Sincelejo', 22),
(1345, 't', 'Buenavista', 22),
(1346, 't', 'Caimito', 22),
(1347, 't', 'Coloso ', 22),
(1348, 't', 'Corozal', 22),
(1349, 't', 'Chalan', 22),
(1350, 't', 'Galeras ', 22),
(1351, 't', 'Guaranda', 22),
(1352, 't', 'La Union', 22),
(1353, 't', 'Los Palmitos', 22),
(1354, 't', 'Majagual', 22),
(1355, 't', 'Morroa', 22),
(1356, 't', 'Ovejas', 22),
(1357, 't', 'Palmito', 22),
(1358, 't', 'Sampues', 22),
(1359, 't', 'San Benito Abad', 22),
(1360, 't', 'San Juan De Betulia', 22),
(1361, 't', 'San Marcos', 22),
(1362, 't', 'San Onofre', 22),
(1363, 't', 'San Pedro', 22),
(1364, 't', 'Since', 22),
(1365, 't', 'Sucre', 22),
(1366, 't', 'Tolu', 22),
(1367, 't', 'Toluviejo', 22),
(1368, 't', 'Ibague', 23),
(1369, 't', 'Alpujarra', 23),
(1370, 't', 'Alvarado', 23),
(1371, 't', 'Ambalema', 23),
(1372, 't', 'Anzoategui', 23),
(1373, 't', 'Armero ', 23),
(1374, 't', 'Ataco', 23),
(1375, 't', 'Cajamarca', 23),
(1376, 't', 'Carmen Apicala', 23),
(1377, 't', 'Casabianca', 23),
(1378, 't', 'Chaparral', 23),
(1379, 't', 'Coello', 23),
(1380, 't', 'Coyaima', 23),
(1381, 't', 'Cunday', 23),
(1382, 't', 'Dolores', 23),
(1383, 't', 'Espinal', 23),
(1384, 't', 'Falan', 23),
(1385, 't', 'Flandes', 23),
(1386, 't', 'Fresno', 23),
(1387, 't', 'Guamo', 23),
(1388, 't', 'Herveo', 23),
(1389, 't', 'Honda', 23),
(1390, 't', 'Icononzo', 23),
(1391, 't', 'Lerida', 23),
(1392, 't', 'Libano', 23),
(1393, 't', 'Mariquita', 23),
(1394, 't', 'Melgar', 23),
(1395, 't', 'Murillo', 23),
(1396, 't', 'Natagaima', 23),
(1397, 't', 'Ortega', 23),
(1398, 't', 'Palocabildo', 23),
(1399, 't', 'Piedras', 23),
(1400, 't', 'Planadas', 23),
(1401, 't', 'Prado', 23),
(1402, 't', 'Purificacion', 23),
(1403, 't', 'Rioblanco', 23),
(1404, 't', 'Roncesvalles', 23),
(1405, 't', 'Rovira', 23),
(1406, 't', 'Saldaña', 23),
(1407, 't', 'San Antonio', 23),
(1408, 't', 'San Luis', 23),
(1409, 't', 'Santa Isabel', 23),
(1410, 't', 'Suarez', 23),
(1411, 't', 'Valle De San Juan', 23),
(1412, 't', 'Venadillo', 23),
(1413, 't', 'Villahermosa', 23),
(1414, 't', 'Villarrica', 23),
(1415, 't', 'Cali ', 24),
(1416, 't', 'Alcala', 24),
(1417, 't', 'Andalucia', 24),
(1418, 't', 'Ansermanuevo', 24),
(1419, 't', 'Argelia', 24),
(1420, 't', 'Bolivar', 24),
(1421, 't', 'Buenaventura', 24),
(1422, 't', 'Buga', 24),
(1423, 't', 'Bugalagrande', 24),
(1424, 't', 'Caicedonia', 24),
(1425, 't', 'Calima ', 24),
(1426, 't', 'Candelaria', 24);

INSERT INTO "public"."Ciudad" ("id", "estado", "nombre", "departamento_id_id") VALUES
(1427, 't', 'Cartago', 24),
(1428, 't', 'Dagua', 24),
(1429, 't', 'El Aguila', 24),
(1430, 't', 'El Cairo', 24),
(1431, 't', 'El Cerrito', 24),
(1432, 't', 'El Dovio', 24),
(1433, 't', 'Florida', 24),
(1434, 't', 'Ginebra', 24),
(1435, 't', 'Guacari', 24),
(1436, 't', 'Jamundi', 24),
(1437, 't', 'La Cumbre', 24),
(1438, 't', 'La Union', 24),
(1439, 't', 'La Victoria', 24),
(1440, 't', 'Obando', 24),
(1441, 't', 'Palmira', 24),
(1442, 't', 'Pradera', 24),
(1443, 't', 'Restrepo', 24),
(1444, 't', 'Riofrio', 24),
(1445, 't', 'Roldanillo', 24),
(1446, 't', 'San Pedro', 24),
(1447, 't', 'Sevilla', 24),
(1448, 't', 'Toro', 24),
(1449, 't', 'Trujillo', 24),
(1450, 't', 'Tulua', 24),
(1451, 't', 'Ulloa', 24),
(1452, 't', 'Versalles', 24),
(1453, 't', 'Vijes', 24),
(1454, 't', 'Yotoco', 24),
(1455, 't', 'Yumbo', 24),
(1456, 't', 'Zarzal', 24),
(1457, 't', 'Arauca', 25),
(1458, 't', 'Arauquita', 25),
(1459, 't', 'Cravo Norte', 25),
(1460, 't', 'Fortul', 25),
(1461, 't', 'Puerto Rondon', 25),
(1462, 't', 'Saravena', 25),
(1463, 't', 'Tame', 25),
(1464, 't', 'Yopal', 26),
(1465, 't', 'Aguazul', 26),
(1466, 't', 'Chameza', 26),
(1467, 't', 'Hato Corozal', 26),
(1468, 't', 'La Salina', 26),
(1469, 't', 'Mani', 26),
(1470, 't', 'Monterrey', 26),
(1471, 't', 'Nunchia', 26),
(1472, 't', 'Orocue', 26),
(1473, 't', 'Paz De Ariporo', 26),
(1474, 't', 'Pore', 26),
(1475, 't', 'Recetor', 26),
(1476, 't', 'Sabanalarga', 26),
(1477, 't', 'Sacama', 26),
(1478, 't', 'San Luis De Palenque', 26),
(1479, 't', 'Tamara', 26),
(1480, 't', 'Tauramena', 26),
(1481, 't', 'Trinidad', 26),
(1482, 't', 'Villanueva', 26),
(1483, 't', 'Mocoa', 27),
(1484, 't', 'Colon', 27),
(1485, 't', 'Orito', 27),
(1486, 't', 'Puerto Asis', 27),
(1487, 't', 'Puerto Caicedo', 27),
(1488, 't', 'Puerto Guzman', 27),
(1489, 't', 'Puerto Leguizamo', 27),
(1490, 't', 'Sibundoy', 27),
(1491, 't', 'San Francisco', 27),
(1492, 't', 'San Miguel ', 27),
(1493, 't', 'Santiago', 27),
(1494, 't', 'La Hormiga ', 27),
(1495, 't', 'Villagarzon', 27),
(1496, 't', 'San Andres', 28),
(1497, 't', 'Providencia', 28),
(1498, 't', 'Leticia', 29),
(1499, 't', 'El Encanto', 29),
(1500, 't', 'La Chorrera', 29),
(1501, 't', 'La Pedrera', 29),
(1502, 't', 'La Victoria', 29),
(1503, 't', 'Miriti-Parana', 29),
(1504, 't', 'Puerto Alegria', 29),
(1505, 't', 'Puerto Arica', 29),
(1506, 't', 'Puerto Nariño', 29),
(1507, 't', 'Puerto Santander', 29),
(1508, 't', 'Tarapaca', 29),
(1509, 't', 'Puerto Inirida', 30),
(1510, 't', 'Barranco Minas', 30),
(1511, 't', 'San Felipe', 30),
(1512, 't', 'Puerto Colombia', 30),
(1513, 't', 'La Guadalupe', 30),
(1514, 't', 'Cacahual', 30),
(1515, 't', 'Pana Pana ', 30),
(1516, 't', 'Morichal ', 30),
(1517, 't', 'San Jose Del Guaviare', 31),
(1518, 't', 'Calamar', 31),
(1519, 't', 'El Retorno', 31),
(1520, 't', 'Miraflores', 31),
(1521, 't', 'Mitu', 32),
(1522, 't', 'Caruru', 32),
(1523, 't', 'Pacoa', 32),
(1524, 't', 'Taraira', 32),
(1525, 't', 'Papunaua ', 32),
(1526, 't', 'Yavarate', 32),
(1527, 't', 'Puerto Carreño', 33),
(1528, 't', 'La Primavera', 33),
(1529, 't', 'Santa Rita', 33),
(1530, 't', 'Santa Rosalia', 33),
(1531, 't', 'San Jose De Ocune', 33),
(1532, 't', 'Cumaribo', 33);

INSERT INTO "public"."Departamento" ("id", "estado", "nombre", "pais_id_id") VALUES
(1, 't', 'Antioquia', 1),
(2, 't', 'Atlantico', 1),
(3, 't', 'Bogota D.C', 1),
(4, 't', 'Bolivar', 1),
(5, 't', 'Boyaca', 1),
(6, 't', 'Caldas', 1),
(7, 't', 'Caqueta', 1),
(8, 't', 'Cauca', 1),
(9, 't', 'Cesar', 1),
(10, 't', 'Cordoba', 1),
(11, 't', 'Cundinamarca', 1),
(12, 't', 'Choco', 1),
(13, 't', 'Huila', 1),
(14, 't', 'La Guajira', 1),
(15, 't', 'Magdalena', 1),
(16, 't', 'Meta', 1),
(17, 't', 'Nariño', 1),
(18, 't', 'Norte de Santander', 1),
(19, 't', 'Quindio', 1),
(20, 't', 'Risaralda', 1),
(21, 't', 'Santander', 1),
(22, 't', 'Sucre', 1),
(23, 't', 'Tolima', 1),
(24, 't', 'Valle', 1),
(25, 't', 'Arauca', 1),
(26, 't', 'Casanare', 1),
(27, 't', 'Putumayo', 1),
(28, 't', 'San Andres', 1),
(29, 't', 'Amazonas', 1),
(30, 't', 'Guainia', 1),
(31, 't', 'Guaviare', 1),
(32, 't', 'Vaupes', 1),
(33, 't', 'Vichada', 1);

INSERT INTO "public"."Escolaridad" ("id", "estado", "nombre") VALUES
(1, 't', 'ducación primera infancia '),
(2, 't', 'Educación básica primaria'),
(3, 't', 'Educación básica secundaria o secundaria básica'),
(4, 't', 'Educación media o secundaria alta'),
(5, 't', 'Educación postsecundaria no superior'),
(6, 't', 'Educación técnica profesional y tecnológica'),
(7, 't', 'Educación universitario o equivalente'),
(8, 't', 'Especialización maestría o equivalente'),
(9, 't', 'Doctorado o equivalente'),
(10, 't', 'Ninguna ');

INSERT INTO "public"."Estado_civil" ("id", "estado", "nombre") VALUES
(1, 't', 'Casado(a)'),
(2, 't', 'Divorciado(a)'),
(3, 't', 'Union libre'),
(4, 't', 'Separado(a)'),
(5, 't', 'Soltero(a)'),
(6, 't', 'Viudo(a)');

INSERT INTO "public"."Estado_expediente" ("id", "estado", "nombre") VALUES
(1, 't', 'Nueva'),
(2, 't', 'Asignada'),
(3, 't', 'Se requiere información'),
(4, 't', 'Audiencia pendiente'),
(5, 't', 'Generando resultado'),
(6, 't', 'Resuelta'),
(7, 't', 'Encuesta pendiente'),
(8, 't', 'En seguimiento'),
(9, 't', 'Pre-Cerrada'),
(10, 't', 'Cerrada');

INSERT INTO "public"."Estado_solicitud" ("id", "estado", "nombre") VALUES
(1, 't', 'En espera de revisión'),
(2, 't', 'Aprobada'),
(3, 't', 'Rechazada'),
(4, 't', 'Falta de informacion'),
(5, 't', 'Remitida');

INSERT INTO "public"."Estrato_socioeconomico" ("id", "estado", "nombre") VALUES
(1, 't', '1'),
(2, 't', '2'),
(3, 't', '3'),
(4, 't', '4'),
(5, 't', '5'),
(6, 't', '6');

INSERT INTO "public"."finalidad_servicio" ("id", "estado", "nombre") VALUES
(1, 't', 'Finalidad 1');

INSERT INTO "public"."Genero" ("id", "estado", "nombre") VALUES
(1, 't', 'Masculino'),
(2, 't', 'Femenino'),
(3, 't', 'Transgénero');

INSERT INTO "public"."Grupo_etnico" ("id", "estado", "nombre") VALUES
(1, 't', 'Rom '),
(2, 't', 'Gitano'),
(3, 't', 'Negro'),
(4, 't', 'Mulato'),
(5, 't', 'Afrocolombiano'),
(6, 't', 'Afrodescendiente'),
(7, 't', 'Raizal'),
(8, 't', 'Palenquero de San Basilio'),
(9, 't', 'Indígena'),
(10, 't', 'Ninguno');

INSERT INTO "public"."Inicio_conflicto" ("id", "estado", "nombre") VALUES
(1, 't', 'DE 1 A 30 DIAS (HASTA 1 MES)'),
(2, 't', 'DE 31 DIAS A 180 DIAS (ENTRE 2 Y 6 MESES)'),
(3, 't', 'SUPERIOR A 180 DIAS (ENTRE 7 Y 12 MESES)'),
(4, 't', 'SUPERIOR A 365 DIAS (SUPERIOR A 1 AÑO)'),
(5, 't', 'NO INFORMA');

INSERT INTO "public"."Localidad" ("id", "estado", "nombre", "ciudad_id_id") VALUES
(1, 't', 'Usaquen', 575),
(2, 't', 'Chapinero', 575),
(3, 't', 'Santa Fe', 575),
(4, 't', 'San Cristobal', 575),
(5, 't', 'Usme', 575),
(6, 't', 'Tunjuelito', 575),
(7, 't', 'Bosa', 575),
(8, 't', 'Kennedy', 575),
(9, 't', 'Fontibon', 575),
(10, 't', 'Engativa', 575),
(11, 't', 'Suba', 575),
(12, 't', 'Barrios Unidos', 575),
(13, 't', 'Teusaquillo', 575),
(14, 't', 'Martires', 575),
(15, 't', 'Antonio Nariño', 575),
(16, 't', 'Puente Aranda', 575),
(17, 't', 'Candelaria', 575),
(18, 't', 'Rafael Uribe', 575),
(19, 't', 'Ciudad Bolivar', 575),
(20, 't', 'Sumapaz', 575);

INSERT INTO "public"."Medio_conocimiento" ("id", "estado", "nombre") VALUES
(1, 't', 'Radio       '),
(2, 't', 'Folletos      '),
(3, 't', 'Televisión       '),
(4, 't', 'Un Amigo       '),
(5, 't', 'Web       '),
(6, 't', 'Otro    ');

INSERT INTO "public"."Medio_seguimiento" ("id", "estado", "nombre") VALUES
(1, 't', 'Personal'),
(2, 't', 'Telefonicamente'),
(3, 't', 'E-mail'),
(4, 't', 'Otro');

INSERT INTO "public"."Objetivo_servicio" ("id", "estado", "nombre") VALUES
(1, 't', 'Conciliacion');

INSERT INTO "public"."Pais" ("id", "estado", "nombre") VALUES
(1, 't', 'Colombia');

INSERT INTO "public"."Pregunta_encuesta" ("id", "estado", "nombre") VALUES
(1, 't', 'Servicio recibido por parte del conciliador'),
(2, 't', 'Puntualidad del conciliador'),
(3, 't', 'Dominio del tema del conciliador'),
(4, 't', 'Lenguaje utilizado del conciliador'),
(5, 't', 'Manejo de la audiencia del conciliador'),
(6, 't', 'Imparcialidad del conciliador'),
(7, 't', 'Servicio prestado por el centro'),
(8, 't', 'Satisfacción por la información que brindada el Centro'),
(9, 't', 'Satisfacción por el tiempo de atención del centro'),
(10, 't', 'Amabilidad del personal del Centro'),
(11, 't', 'Expectativas en el tratamiento del conflicto'),
(12, 't', '¿Recomendaría la conciliación para resolver conflictos?');

INSERT INTO "public"."Pregunta_seguimiento" ("id", "estado", "nombre") VALUES
(1, 't', '¿Se cumplió o se está cumpliendo el acuerdo
de conciliación?'),
(2, 't', '¿El acuerdo alcanzado en la conciliación fue
llevado a proceso judicial?'),
(3, 't', '¿Existe reincidencia del conflicto que se
acordó en el caso de conciliación?');

INSERT INTO "public"."rest_framework_api_key_apikey" ("id", "created", "name", "revoked", "expiry_date", "hashed_key", "prefix") VALUES
('2ZwZtPbd.pbkdf2_sha256$320000$tb07mpt247R4Vpp24CWbnn$nj8Q3Md5K/lfPfW6zL79dokAOeWYEwl1yltha8Dl34E=', '2023-01-23 02:45:13.700117+00', 'api_gateway_Solicitudes', 'f', NULL, 'pbkdf2_sha256$320000$tb07mpt247R4Vpp24CWbnn$nj8Q3Md5K/lfPfW6zL79dokAOeWYEwl1yltha8Dl34E=', '2ZwZtPbd'),
('wHo6CMs6.pbkdf2_sha256$390000$Q05enYosTbU0bI5XXDoYzS$VHXfGJuCEXH/0edS0O6cDPPsRC11lA7vHjSRiTl18NY=', '2023-01-23 02:40:33.421833+00', 'api_gateway_expedientes', 'f', NULL, 'pbkdf2_sha256$390000$Q05enYosTbU0bI5XXDoYzS$VHXfGJuCEXH/0edS0O6cDPPsRC11lA7vHjSRiTl18NY=', 'wHo6CMs6');

INSERT INTO "public"."Sexo" ("id", "estado", "nombre") VALUES
(1, 't', 'Hombre '),
(2, 't', 'Mujer'),
(3, 't', 'intersexual'),
(4, 't', 'Indeterminado');

INSERT INTO "public"."Solicitud_servicio" ("id", "estado", "nombre") VALUES
(1, 't', 'LAS DOS PARTES'),
(2, 't', 'SOLO UNA DE LAS PARTES'),
(3, 't', 'MEDIANTE APODERADO');

INSERT INTO "public"."Subtema" ("id", "estado", "nombre", "tema_id_id") VALUES
(1, 't', 'Donaciones y modos de adquirir el dominio distintos de la compraventa o la sucesión por causa de muerte', 1),
(2, 't', 'Competencia desleal', 2),
(3, 't', 'Clausulas abusivas', 3),
(4, 't', 'Comercio electronico', 3),
(5, 't', 'Condiciones negociales y contratos de adhesion', 3),
(6, 't', 'Daños por producto defectuoso', 3),
(7, 't', 'Especulacion, acaparamiento y usura', 3),
(8, 't', 'Garantia legal', 3),
(9, 't', 'Garantias suplementarias', 3),
(10, 't', 'Informacion', 3),
(11, 't', 'Operaciones mediante sistemas de financiacion', 3),
(12, 't', 'Publicidad', 3),
(13, 't', 'Ventas por metodos no tradicionales o a distancia', 3),
(14, 't', 'Otros', 3),
(15, 't', 'Agencia comercial', 4),
(16, 't', 'Aparceria', 4),
(17, 't', 'Arrendamiento comercial', 4),
(18, 't', 'Arrendamiento de vivienda', 4),
(19, 't', 'Comision', 4),
(20, 't', 'Comodato', 4),
(21, 't', 'Compraventa distinta de actos de consumo', 4),
(22, 't', 'Consignacion', 4),
(23, 't', 'Contratos atipicos', 4),
(24, 't', 'Corretaje', 4),
(25, 't', 'Depositvo civil', 4),
(26, 't', 'Depositvo mercantil', 4),
(27, 't', 'Edicion', 4),
(28, 't', 'Mandato', 4),
(29, 't', 'Mutuo distinto de operaciones de crédito realizadas por establecimientos de crédito y sociedades de servicios financieros', 4),
(30, 't', 'Obra', 4),
(31, 't', 'Otras formas de arrendamiento distintas del arrendamiento financiero o leasing', 4),
(32, 't', 'Permuta', 4),
(33, 't', 'Preposicion', 4),
(34, 't', 'Suministro', 4),
(35, 't', 'Transaccion', 4),
(36, 't', 'Transporte de cosas', 4),
(37, 't', 'Transporte de personas', 4),
(38, 't', 'Otros', 4),
(39, 't', 'Cooperativas de ahorro y credito', 5),
(40, 't', 'Arrendamiento, usufructo y anticresis', 6),
(41, 't', 'Deshaucio', 6),
(42, 't', 'Renovacion del contrato de arrendamiento', 6),
(43, 't', 'Subarriendo', 6),
(44, 't', 'Otros', 6),
(45, 't', 'Anticresis sobre inmuebles', 7),
(46, 't', 'Fianza', 7),
(47, 't', 'Fiducia en garantia', 7),
(48, 't', 'Garantias inmobiliarias', 7),
(49, 't', 'Hipoteca', 7),
(50, 't', 'Otras garantias inmobiliarias', 7),
(51, 't', 'Propiedad horizontal', 8),
(52, 't', 'Responsabilidad extracontractual', 9),
(53, 't', 'Seguros', 10),
(54, 't', 'Sociedades, personas juridicas de derecho privado y otras formas asociativas', 11),
(55, 't', 'Titulos valores', 12),
(56, 't', 'Turismo', 13),
(57, 't', 'Otros', 14),
(58, 't', 'Prevencion de violencia intrafamiliar', 15),
(59, 't', 'Capitulaciones matrimoniales', 16),
(60, 't', 'Disolucion y liquidacion de la sociedad conyugal', 16),
(61, 't', 'Separacion de bienes y cuerpos', 16),
(62, 't', 'Alimentos', 17),
(63, 't', 'Custodia y regimen sobre menores e incapaces', 17),
(64, 't', 'Direccion conjunta del hogar y ejercicio de la patria potestad', 17),
(65, 't', 'Alimentos de adulto mayor', 17),
(66, 't', 'Rescision de la particion en las sucesiones', 18),
(67, 't', 'Declaracion de union marital de hecho', 19),
(68, 't', 'Disolucion y liquidacion de la sociedad patrimonial de hecho', 19),
(69, 't', 'Usura y recargo de ventas a plazo', 20),
(70, 't', 'Ofrecimiento engañoso de productos y servicios', 20),
(71, 't', 'Hurto simple cuya cuantía no exceda de 150 salarios mínimos mensuales legales vigentes', 21),
(72, 't', 'Hurto simple para hacer uso de la cosa, con restitución en término no mayor de 24 horas', 21),
(73, 't', 'Hurto simple cometido por socio, copropietario, comunero o heredero, o sobre cosa común indivisible o común divisible, excediendo su cuota parte', 21),
(74, 't', 'Alteración, desfiguración y suplantación de marcas de ganado', 21),
(75, 't', 'Estafa cuya cuantía no exceda de 150 salarios mínimos mensuales legales vigentes', 21),
(76, 't', 'Emisión y transferencia ilegal de cheques', 21),
(77, 't', 'Abuso de confianza', 21),
(78, 't', 'Aprovechamiento de error ajeno o caso fortuito', 21),
(79, 't', 'Alzamiento de bienes', 21),
(80, 't', 'Sustracción de bien propio', 21),
(81, 't', 'Disposición de bien propio gravado con prenda (garantía mobiliaria)', 21),
(82, 't', 'Defraudación de fluidos', 21),
(83, 't', 'Malversación y dilapidación de bienes', 21),
(84, 't', 'Usurpación de inmuebles', 21),
(85, 't', 'Usurpación de aguas', 21),
(86, 't', 'Invasión de tierras o edificaciones', 21),
(87, 't', 'Perturbación de la posesión sobre inmueble', 21),
(88, 't', 'Daño en bien ajeno', 21),
(89, 't', 'Abuso de autoridad por acto arbitrario e injusto', 22),
(90, 't', 'Abuso de autoridad por omisión de denuncia simple', 22),
(91, 't', 'Revelación de secreto simple', 22),
(92, 't', 'Utilización indebida de información oficial privilegiada', 22),
(93, 't', 'Asesoramiento y otras actuaciones ilegales simple', 22),
(94, 't', 'Intervención en política', 22),
(95, 't', 'Utilización indebida de información obtenida en el ejercicio de función pública', 22),
(96, 't', 'Utilización indebida de influencias derivadas del ejercicio de función pública', 22),
(97, 't', 'Utilización de asunto sometido a secreto o reserva', 22),
(98, 't', 'Falsa autoacusación', 23),
(99, 't', 'Favorecimiento de la fuga culposa simple', 23),
(100, 't', 'Infidelidad a los deberes profesionales', 23),
(101, 't', 'Aceptación indebida de honores', 24),
(102, 't', 'Violación de inmunidad diplomática', 24),
(103, 't', 'Maltrato mediante restricción a la libertad física', 25),
(104, 't', 'Malversación y dilapidación de los bienes de familiares', 25),
(105, 't', 'Inasistencia alimentaria', 25),
(106, 't', 'Circulación y uso de efecto oficial o sello falsificado', 26),
(107, 't', 'Falsedad para obtener prueba de hecho verdadero', 26),
(108, 't', 'Falsedad personal', 26),
(109, 't', 'Falsificación o uso fraudulento de sello oficial', 26),
(110, 't', 'Supresión de signo de anulación de efecto oficial', 26),
(111, 't', 'Uso y circulación de efecto oficial anulado', 26),
(112, 't', 'Calumnia', 27),
(113, 't', 'Injuria', 27),
(114, 't', 'Injuria por vías de hecho', 27),
(115, 't', 'Injuria y calumnia indirecta', 27),
(116, 't', 'Injurias recíprocas', 27),
(117, 't', 'Daños o agravios a personas o a cosas destinadas al culto', 28),
(118, 't', 'Divulgación y empleo de documentos reservados', 28),
(119, 't', 'Impedimento y perturbación de ceremonia religiosa', 28),
(120, 't', 'Irrespeto a cadáveres', 28),
(121, 't', 'Ofrecimiento, venta o compra de instrumento apto para interceptar la comunicación privada entre personas', 28),
(122, 't', 'Violación a la libertad religiosa', 28),
(123, 't', 'Violación de habitación ajena', 28),
(124, 't', 'Violación de habitación ajena por servidor público', 28),
(125, 't', 'Violación de la libertad de trabajo', 28),
(126, 't', 'Violación de los derechos de reunión y asociación', 28),
(127, 't', 'Violación en lugar de trabajo', 28),
(128, 't', 'Omisión de denuncia de quien tuviere conocimiento de la utilización de menores para la realización de delitos de explotación sexual', 29),
(129, 't', 'Instigación a delinquir simple', 30),
(130, 't', 'Inducción o ayuda al suicidio', 31),
(131, 't', 'Lesiones personales sin secuelas que produjeren incapacidad para trabajar o enfermedad sin exceder de sesenta (60) días', 31),
(132, 't', 'Lesiones personales con deformidad física transitoria', 31),
(133, 't', 'Lesiones personales con perturbación funcional transitoria', 31),
(134, 't', 'Parto o aborto preterintencional', 31),
(135, 't', 'Lesiones personales culposas', 31),
(136, 't', 'Omisión de socorro', 31);

INSERT INTO "public"."Tema" ("id", "estado", "nombre") VALUES
(1, 't', 'Bienes'),
(2, 't', 'Competencia desleal'),
(3, 't', 'Consumo'),
(4, 't', 'Contratos'),
(5, 't', 'Economia solidaria'),
(6, 't', 'Establecimiento de comercio'),
(7, 't', 'Garantias'),
(8, 't', 'Propiedad horizontal'),
(9, 't', 'Responsabilidad extracontractual'),
(10, 't', 'Seguros'),
(11, 't', 'Sociedades, personas juridicas de derecho privado y otras formas asociativas'),
(12, 't', 'Titulos valores'),
(13, 't', 'Turismo'),
(14, 't', 'Otros'),
(15, 't', 'Convivencia'),
(16, 't', 'Matrimonio'),
(17, 't', 'Obligaciones frente a los hijos e incapaces'),
(18, 't', 'Sucesiones'),
(19, 't', 'Union marital del hecho'),
(20, 't', 'Delitos contra el orden economico social'),
(21, 't', 'Delitos contra el patrimonio economico'),
(22, 't', 'Delitos contra la administracion publica'),
(23, 't', 'Delitos contra la eficaz y recta imparticion de justicia'),
(24, 't', 'Delitos contra la existencia y seguridad del estado'),
(25, 't', 'Delitos contra la familia'),
(26, 't', 'Delitos contra la fe publica'),
(27, 't', 'Delitos contra la integridad moral'),
(28, 't', 'Delitos contra la libertad individual y otras garantias'),
(29, 't', 'Delitos contra la libertad , integridad y formacion sexuales'),
(30, 't', 'Delitos contra la seguridad publica'),
(31, 't', 'Delito contra la vida y la integridad personal');

INSERT INTO "public"."Tipo_cargo" ("id", "estado", "nombre") VALUES
(1, 't', 'Administrador'),
(2, 't', 'Docente conciliador'),
(3, 't', 'Estudiante');

INSERT INTO "public"."Tipo_cliente" ("id", "estado", "nombre") VALUES
(1, 't', 'Convocante'),
(2, 't', 'Convocado'),
(3, 't', 'Conciliador'),
(4, 't', 'Estudiante');

INSERT INTO "public"."Tipo_discapacidad" ("id", "estado", "nombre") VALUES
(1, 't', 'Física'),
(2, 't', 'Sensorial auditiva'),
(3, 't', 'Sensorial visual'),
(4, 't', 'Intelectual cognitiva'),
(5, 't', 'Mental psicosocial'),
(6, 't', 'Discapacidad múltiple'),
(7, 't', 'Ninguna');

INSERT INTO "public"."Tipo_documento" ("id", "estado", "nombre") VALUES
(1, 't', 'Cedula de Ciudadania'),
(2, 't', 'Cedula de Extranjeria '),
(3, 't', 'Tarjeta de Identidad '),
(4, 't', 'Registro Civil '),
(5, 't', 'Pasaporte '),
(6, 't', 'Nit ');

INSERT INTO "public"."Tipo_medio" ("id", "estado", "nombre") VALUES
(1, 't', 'Presencial'),
(2, 't', 'Virtual'),
(3, 't', 'Mixto');

INSERT INTO "public"."Tipo_persona" ("id", "estado", "nombre") VALUES
(1, 't', 'Natural'),
(2, 't', 'Jurídica');

INSERT INTO "public"."Tipo_reporte" ("id", "estado", "nombre") VALUES
(1, 't', 'Consecutivos Resultados'),
(2, 't', 'SNIES');

INSERT INTO "public"."Tipo_resultado" ("id", "estado", "nombre", "categoria_id_id") VALUES
(1, 't', 'ACTA CONTRATO DE ARRENDAMIENTO', 1),
(2, 't', 'ACTA ACUERDO DE ALIMENTOS', 1),
(3, 't', 'CONSTANCIA DE ASUNTO NO CONCILIABLE', 2),
(4, 't', 'CONSTANCIA DE INASISTENCIA', 2),
(5, 't', 'CONSTANCIA DE NO ACUERDO', 2),
(6, 't', 'IMPOSIBILIDAD DE NOTIFICACIONI', 3),
(7, 't', 'ACTA CONTRATO DE MUTUO', 1),
(8, 't', 'ACTA DE CONCILIACIÓN DE RESPONSABILIDAD CIVIL EXTRACONTRACTUAL POR ACCIDENTE DE TRANSITO', 1),
(9, 't', 'ACTA DECLARACION UMH SOCIEDAD PATRIMONIAL SU DISOLUCION Y LIQUIDACION', 1),
(10, 't', 'HOJA DE TRABAJO', 3),
(11, 't', 'CITACION AUDIENCIA DE CONCILIACION', 2);

INSERT INTO "public"."Tipo_servicio" ("id", "estado", "nombre", "Objetivo_servicio_id_id") VALUES
(1, 't', 'Requisito de procedibilidad', NULL),
(2, 't', 'Resolver de manera alternativa el conflicto', NULL);

INSERT INTO "public"."Tipo_vivienda" ("id", "estado", "nombre") VALUES
(1, 't', 'Propia'),
(2, 't', 'Arrendada');

INSERT INTO "public"."Turno" ("id", "estado", "nombre") VALUES
(1, 't', '8:00AM'),
(2, 't', '9:00AM'),
(3, 't', '10:00AM'),
(4, 't', '11:00AM'),
(5, 't', '12:00PM'),
(6, 't', '1:00PM'),
(7, 't', '2:00PM'),
(8, 't', '3:00PM'),
(9, 't', '4:00PM'),
(10, 't', '5:00PM');

